trip_end_month,monaco_bin,channels,ratio,rolling_avg_distribution_channel,distribution_forecast_channel_adj
2024-01-01,A1,Apple,0.9592138101508787,0.1587666666666667,0.15009612398253916
2024-01-01,A1,Apple_Brand,0.9592138101508787,0.1887,0.17909285541963754
2024-01-01,A1,Autorental_Desktop,0.9592138101508787,0.38386666666666674,0.36795914227802257
2024-01-01,A1,Autorental_Mobile,0.9592138101508787,0.14983333333333335,0.14139613789297886
2024-01-01,A1,Brand_Other,0.9592138101508787,0.17126666666666665,0.16253922855641456
2024-01-01,A1,Capital_One,0.9592138101508787,0.6427999999999999,0.6330676019308908
2024-01-01,A1,Delta,0.9592138101508787,0.48313333333333336,0.47470513007783016
2024-01-01,A1,Expedia,0.9592138101508787,0.4105666666666667,0.40174562391538177
2024-01-01,A1,Facebook/IG_App,0.9592138101508787,0.18346666666666667,0.17611728519417116
2024-01-01,A1,Facebook/IG_Web,0.9592138101508787,0.1968333333333333,0.19679906922672927
2024-01-01,A1,Free_Google,0.9592138101508787,0.2674666666666667,0.25809036035122906
2024-01-01,A1,Free_Microsoft,0.9592138101508787,0.3833333333333333,0.37385471592904573
2024-01-01,A1,Free_Other,0.9592138101508787,0.21253333333333335,0.20371529680723935
2024-01-01,A1,Google_Desktop,0.9592138101508787,0.35799999999999993,0.34967505377640745
2024-01-01,A1,Google_Desktop_Brand,0.9592138101508787,0.3852333333333333,0.37713094990484586
2024-01-01,A1,Google_Discovery,0.9592138101508787,0.1094,0.09401988554145926
2024-01-01,A1,Google_Mobile,0.9592138101508787,0.1545,0.14644545054134409
2024-01-01,A1,Google_Mobile_Brand,0.9592138101508787,0.17503333333333335,0.16629388034220371
2024-01-01,A1,Google_Pmax,0.9592138101508787,0.18456666666666668,0.17637240574919757
2024-01-01,A1,Google_UAC_Android,0.9592138101508787,0.1156,0.10878880077247366
2024-01-01,A1,Google_UAC_iOS,0.9592138101508787,0.14106666666666667,0.1343789000175935
2024-01-01,A1,Hopper,0.9592138101508787,0.2955,0.2928544897909236
2024-01-01,A1,Kayak_Desktop,0.9592138101508787,0.4759333333333333,0.46904218181499163
2024-01-01,A1,Kayak_Desktop_Carousel,0.9592138101508787,0.20743333333333336,0.1975394228297516
2024-01-01,A1,Kayak_Desktop_Compare,0.9592138101508787,0.3857,0.3757026861265098
2024-01-01,A1,Kayak_Desktop_Core,0.9592138101508787,0.4439333333333333,0.43498356094442453
2024-01-01,A1,Kayak_Desktop_Front_Door,0.9592138101508787,0.33626666666666666,0.33424905152165557
2024-01-01,A1,Kayak_Mobile,0.9592138101508787,0.2508333333333333,0.24095786721515772
2024-01-01,A1,Kayak_Mobile_Core,0.9592138101508787,0.22813333333333333,0.21836810231550538
2024-01-01,A1,Kayak_Mobile_Front_Door,0.9592138101508787,0.25203333333333333,0.24625049838416524
2024-01-01,A1,Mediaalpha,0.9592138101508787,0.31970000000000004,0.30947219592364394
2024-01-01,A1,Microsoft_Desktop,0.9592138101508787,0.36566666666666664,0.3553850168896367
2024-01-01,A1,Microsoft_Desktop_Brand,0.9592138101508787,0.3778333333333333,0.36817866560390866
2024-01-01,A1,Microsoft_Mobile,0.9592138101508787,0.38786666666666664,0.3967211212448645
2024-01-01,A1,Microsoft_Mobile_Brand,0.9592138101508787,0.2832666666666666,0.2851739566031073
2024-01-01,A1,Other_Goals,0.9592138101508787,0.2217,0.2134104393292513
2024-01-01,A1,Paid_Other,0.9592138101508787,0.23723333333333332,0.22742972561343747
2024-01-01,A1,Pinterest,0.9592138101508787,0.3993,0.3619416838691723
2024-01-01,A1,Reddit,0.9592138101508787,0.16780000000000003,0.1613855852833109
2024-01-01,A1,Snapchat,0.9592138101508787,0.06930000000000001,0.0652415242423542
2024-01-01,A1,Tiktok,0.9592138101508787,0.06056666666666666,0.05621758719270094
2024-01-01,A1,Youtube_Test,0.9592138101508787,0.1929,0.18142324672395943
2024-02-01,A1,Apple,1.0300952460401993,0.1562,0.15911502825693438
2024-02-01,A1,Apple_Brand,1.0300952460401993,0.1865,0.19000786233273706
2024-02-01,A1,Autorental_Desktop,1.0300952460401993,0.37410000000000004,0.3844081692084726
2024-02-01,A1,Autorental_Mobile,1.0300952460401993,0.18366666666666664,0.1881278261829929
2024-02-01,A1,Brand_Other,1.0300952460401993,0.1593333333333333,0.16199859532729707
2024-02-01,A1,Capital_One,1.0300952460401993,0.6056333333333334,0.6431833977695417
2024-02-01,A1,Delta,1.0300952460401993,0.48299999999999993,0.4992241361936627
2024-02-01,A1,Expedia,1.0300952460401993,0.3803666666666667,0.39231104281560314
2024-02-01,A1,Facebook/IG_App,1.0300952460401993,0.18376666666666666,0.1906851406629041
2024-02-01,A1,Facebook/IG_Web,1.0300952460401993,0.17189999999999994,0.16638079788514962
2024-02-01,A1,Free_Google,1.0300952460401993,0.26466666666666666,0.27374163269812174
2024-02-01,A1,Free_Microsoft,1.0300952460401993,0.39159999999999995,0.40535366924256
2024-02-01,A1,Free_Other,1.0300952460401993,0.20970000000000003,0.216148792843338
2024-02-01,A1,Google_Desktop,1.0300952460401993,0.3600666666666667,0.3745500946774138
2024-02-01,A1,Google_Desktop_Brand,1.0300952460401993,0.3771,0.39261454770746446
2024-02-01,A1,Google_Mobile,1.0300952460401993,0.1497666666666667,0.15281212612812067
2024-02-01,A1,Google_Mobile_Brand,1.0300952460401993,0.16823333333333332,0.17182667711291005
2024-02-01,A1,Google_Pmax,1.0300952460401993,0.20943333333333333,0.21593767126904412
2024-02-01,A1,Google_UAC_Android,1.0300952460401993,0.10696666666666665,0.10843429989781733
2024-02-01,A1,Google_UAC_iOS,1.0300952460401993,0.1395,0.1433575663905552
2024-02-01,A1,Hopper,1.0300952460401993,0.34193333333333337,0.34749151089611935
2024-02-01,A1,Kayak_Afterclick,1.0300952460401993,,
2024-02-01,A1,Kayak_Desktop,1.0300952460401993,0.47526666666666667,0.4933730458888956
2024-02-01,A1,Kayak_Desktop_Carousel,1.0300952460401993,0.19696666666666665,0.2016966342090533
2024-02-01,A1,Kayak_Desktop_Compare,1.0300952460401993,0.38010000000000005,0.3930528884292611
2024-02-01,A1,Kayak_Desktop_Core,1.0300952460401993,0.4385333333333333,0.4546698983574482
2024-02-01,A1,Kayak_Desktop_Front_Door,1.0300952460401993,0.3264666666666667,0.3439506938901837
2024-02-01,A1,Kayak_Mobile,1.0300952460401993,0.24366666666666667,0.2506110385812951
2024-02-01,A1,Kayak_Mobile_Core,1.0300952460401993,0.21676666666666666,0.22292319368166263
2024-02-01,A1,Kayak_Mobile_Front_Door,1.0300952460401993,0.16663333333333333,0.17494119105926215
2024-02-01,A1,Mediaalpha,1.0300952460401993,0.3106333333333333,0.32124253667592767
2024-02-01,A1,Microsoft_Desktop,1.0300952460401993,0.3757,0.3878810691549153
2024-02-01,A1,Microsoft_Desktop_Brand,1.0300952460401993,0.3911,0.40410054130107786
2024-02-01,A1,Microsoft_Mobile,1.0300952460401993,0.25606666666666666,0.3005036886726255
2024-02-01,A1,Microsoft_Mobile_Brand,1.0300952460401993,0.26330000000000003,0.2871560342412471
2024-02-01,A1,Other_Goals,1.0300952460401993,0.22463333333333335,0.23291909567092384
2024-02-01,A1,Paid_Other,1.0300952460401993,0.23373333333333335,0.2409198297680636
2024-02-01,A1,Pinterest,1.0300952460401993,0.3600999999999999,0.36442606147787787
2024-02-01,A1,Reddit,1.0300952460401993,0.19926666666666668,0.20596445583886464
2024-02-01,A1,Snapchat,1.0300952460401993,0.06906666666666667,0.07053823418744894
2024-02-01,A1,Tiktok,1.0300952460401993,0.06096666666666665,0.06068248993205406
2024-02-01,A1,Youtube_Test,1.0300952460401993,0.1301,0.14399270311110546
2024-03-01,A1,Apple,1.0185035477313615,0.1418,0.14350820573976186
2024-03-01,A1,Apple_Brand,1.0185035477313615,0.18776666666666667,0.18995418948043918
2024-03-01,A1,Autorental_Desktop,1.0185035477313615,0.35506666666666664,0.3618829566124554
2024-03-01,A1,Autorental_Mobile,1.0185035477313615,0.16913333333333333,0.17276603915363226
2024-03-01,A1,Brand_Other,1.0185035477313615,0.15146666666666664,0.1526528321414043
2024-03-01,A1,Capital_One,1.0185035477313615,0.5877,0.6063748284321383
2024-03-01,A1,Delta,1.0185035477313615,0.46069999999999994,0.4746421202801987
2024-03-01,A1,Expedia,1.0185035477313615,0.34303333333333336,0.35028055463993046
2024-03-01,A1,Facebook/IG_App,1.0185035477313615,0.1945,0.1990251697883339
2024-03-01,A1,Facebook/IG_Web,1.0185035477313615,0.22579999999999997,0.21675749026898172
2024-03-01,A1,Free_Google,1.0185035477313615,0.2689333333333333,0.274615511378685
2024-03-01,A1,Free_Microsoft,1.0185035477313615,0.3997,0.4086115619913999
2024-03-01,A1,Free_Other,1.0185035477313615,0.2121666666666667,0.21622405182518734
2024-03-01,A1,Google_Desktop,1.0185035477313615,0.3731333333333333,0.38230459305833814
2024-03-01,A1,Google_Desktop_Brand,1.0185035477313615,0.3889,0.3988726129796975
2024-03-01,A1,Google_Discovery,1.0185035477313615,0.0961,0.27322226257247034
2024-03-01,A1,Google_Mobile,1.0185035477313615,0.1496333333333333,0.15130802236720883
2024-03-01,A1,Google_Mobile_Brand,1.0185035477313615,0.17090000000000002,0.17300026573147825
2024-03-01,A1,Google_Pmax,1.0185035477313615,0.2239,0.2279584065560755
2024-03-01,A1,Google_UAC_Android,1.0185035477313615,0.10479999999999999,0.10565245905971526
2024-03-01,A1,Google_UAC_iOS,1.0185035477313615,0.1318,0.13379331879897272
2024-03-01,A1,Hopper,1.0185035477313615,0.3683,0.3763233558864479
2024-03-01,A1,Kayak_Afterclick,1.0185035477313615,0.4102,0.4727118497442428
2024-03-01,A1,Kayak_Desktop,1.0185035477313615,0.4770666666666667,0.4886974623327502
2024-03-01,A1,Kayak_Desktop_Carousel,1.0185035477313615,0.20343333333333335,0.20637375370671102
2024-03-01,A1,Kayak_Desktop_Compare,1.0185035477313615,0.38689999999999997,0.3951118035974124
2024-03-01,A1,Kayak_Desktop_Core,1.0185035477313615,0.44120000000000004,0.4516462159722513
2024-03-01,A1,Kayak_Desktop_Front_Door,1.0185035477313615,0.3234666666666666,0.33510540216678875
2024-03-01,A1,Kayak_Mobile,1.0185035477313615,0.26189999999999997,0.26649333933202884
2024-03-01,A1,Kayak_Mobile_Core,1.0185035477313615,0.21073333333333333,0.21414972514895747
2024-03-01,A1,Mediaalpha,1.0185035477313615,0.3052333333333333,0.3124292646501492
2024-03-01,A1,Microsoft_Desktop,1.0185035477313615,0.3892,0.3962628059075151
2024-03-01,A1,Microsoft_Desktop_Brand,1.0185035477313615,0.39196666666666663,0.3995946856728771
2024-03-01,A1,Microsoft_Mobile,1.0185035477313615,0.24656666666666668,0.22027698981411153
2024-03-01,A1,Microsoft_Mobile_Brand,1.0185035477313615,0.3223,0.3144241156572645
2024-03-01,A1,Moloco,1.0185035477313615,,
2024-03-01,A1,Other_Goals,1.0185035477313615,0.2307,0.2360702282181211
2024-03-01,A1,Paid_Other,1.0185035477313615,0.23476666666666668,0.2387236534739533
2024-03-01,A1,Pinterest,1.0185035477313615,0.2956333333333333,0.30174476912824505
2024-03-01,A1,Reddit,1.0185035477313615,0.14486666666666667,0.1528312509890686
2024-03-01,A1,Snapchat,1.0185035477313615,0.0826,0.08356075924325183
2024-03-01,A1,Taboola,1.0185035477313615,0.7962666666666666,0.614835045186629
2024-03-01,A1,Tiktok,1.0185035477313615,0.05556666666666665,0.05544225145679067
2024-03-01,A1,Youtube_Test,1.0185035477313615,0.07139999999999998,0.07285346741986067
2024-01-01,A2,Apple,0.9626325819315678,0.1356,0.1286515355755935
2024-01-01,A2,Apple_Brand,0.9626325819315678,0.13736666666666666,0.1308376860218387
2024-01-01,A2,Autorental_Desktop,0.9626325819315678,0.22026666666666664,0.21189129251640634
2024-01-01,A2,Autorental_Mobile,0.9626325819315678,0.1307666666666667,0.12384295141012733
2024-01-01,A2,Brand_Other,0.9626325819315678,0.1452,0.13829201337861816
2024-01-01,A2,Capital_One,0.9626325819315678,0.20673333333333335,0.20432893048038597
2024-01-01,A2,Delta,0.9626325819315678,0.27856666666666663,0.2746826347496402
2024-01-01,A2,Expedia,0.9626325819315678,0.19823333333333334,0.1946656329041881
2024-01-01,A2,Facebook/IG_App,0.9626325819315678,0.1618666666666667,0.15593635173994877
2024-01-01,A2,Facebook/IG_Web,0.9626325819315678,0.16306666666666667,0.16361937171898835
2024-01-01,A2,Free_Google,0.9626325819315678,0.19766666666666666,0.19141708202749394
2024-01-01,A2,Free_Microsoft,0.9626325819315678,0.2088,0.20436282911276707
2024-01-01,A2,Free_Other,0.9626325819315678,0.1764,0.16968376908599273
2024-01-01,A2,Google_Desktop,0.9626325819315678,0.2269,0.222413556008763
2024-01-01,A2,Google_Desktop_Brand,0.9626325819315678,0.2227333333333333,0.21882587172239906
2024-01-01,A2,Google_Discovery,0.9626325819315678,0.09196666666666668,0.07931913621635953
2024-01-01,A2,Google_Mobile,0.9626325819315678,0.1369,0.13022548484738647
2024-01-01,A2,Google_Mobile_Brand,0.9626325819315678,0.14413333333333334,0.1374247857473721
2024-01-01,A2,Google_Pmax,0.9626325819315678,0.157,0.15056435104346097
2024-01-01,A2,Google_UAC_Android,0.9626325819315678,0.12596666666666667,0.11896716890024038
2024-01-01,A2,Google_UAC_iOS,0.9626325819315678,0.15680000000000002,0.14989870123227356
2024-01-01,A2,Hopper,0.9626325819315678,0.17593333333333336,0.17497969966773055
2024-01-01,A2,Kayak_Desktop,0.9626325819315678,0.23556666666666667,0.23298327686771195
2024-01-01,A2,Kayak_Desktop_Carousel,0.9626325819315678,0.14886666666666667,0.14227147446686103
2024-01-01,A2,Kayak_Desktop_Compare,0.9626325819315678,0.21596666666666667,0.2111186113725718
2024-01-01,A2,Kayak_Desktop_Core,0.9626325819315678,0.22416666666666665,0.22043028215696997
2024-01-01,A2,Kayak_Desktop_Front_Door,0.9626325819315678,0.2568666666666667,0.25623547062455015
2024-01-01,A2,Kayak_Mobile,0.9626325819315678,0.19026666666666667,0.1834271865690377
2024-01-01,A2,Kayak_Mobile_Core,0.9626325819315678,0.17200000000000001,0.16522434349592113
2024-01-01,A2,Kayak_Mobile_Front_Door,0.9626325819315678,0.18276666666666666,0.17920959573696946
2024-01-01,A2,Mediaalpha,0.9626325819315678,0.19076666666666667,0.18532184944957397
2024-01-01,A2,Microsoft_Desktop,0.9626325819315678,0.1920333333333333,0.1872990159954826
2024-01-01,A2,Microsoft_Desktop_Brand,0.9626325819315678,0.18573333333333333,0.18163240640647624
2024-01-01,A2,Microsoft_Mobile,0.9626325819315678,0.20419999999999996,0.2096060128292273
2024-01-01,A2,Microsoft_Mobile_Brand,0.9626325819315678,0.18056666666666668,0.1824303554197235
2024-01-01,A2,Other_Goals,0.9626325819315678,0.1744,0.16847737277070662
2024-01-01,A2,Paid_Other,0.9626325819315678,0.15666666666666665,0.1507277630027596
2024-01-01,A2,Pinterest,0.9626325819315678,0.16779999999999998,0.15264282078031194
2024-01-01,A2,Reddit,0.9626325819315678,0.18483333333333332,0.1784013822902881
2024-01-01,A2,Snapchat,0.9626325819315678,0.11620000000000001,0.10978477763650223
2024-01-01,A2,Tiktok,0.9626325819315678,0.1049,0.0977145310138751
2024-01-01,A2,Youtube_Test,0.9626325819315678,0.2687333333333333,0.25364562768167787
2024-02-01,A2,Apple,0.9552172374026073,0.13043333333333332,0.12320931185202662
2024-02-01,A2,Apple_Brand,0.9552172374026073,0.13406666666666667,0.12665965928526565
2024-02-01,A2,Autorental_Desktop,0.9552172374026073,0.21406666666666666,0.20397583273619013
2024-02-01,A2,Autorental_Mobile,0.9552172374026073,0.07900000000000003,0.07503684276401723
2024-02-01,A2,Brand_Other,0.9552172374026073,0.14353333333333332,0.13532628067203442
2024-02-01,A2,Capital_One,0.9552172374026073,0.2275,0.22404292009268464
2024-02-01,A2,Delta,0.9552172374026073,0.3044666666666666,0.2918185962698221
2024-02-01,A2,Expedia,0.9552172374026073,0.17753333333333332,0.1697980731692868
2024-02-01,A2,Facebook/IG_App,0.9552172374026073,0.1587333333333333,0.1527365646264316
2024-02-01,A2,Facebook/IG_Web,0.9552172374026073,0.09936666666666667,0.08918520508299423
2024-02-01,A2,Free_Google,0.9552172374026073,0.19656666666666667,0.18852816768932182
2024-02-01,A2,Free_Microsoft,0.9552172374026073,0.2056,0.19735098749142332
2024-02-01,A2,Free_Other,0.9552172374026073,0.17416666666666666,0.16647314798505575
2024-02-01,A2,Google_Desktop,0.9552172374026073,0.2213333333333333,0.21350034721953057
2024-02-01,A2,Google_Desktop_Brand,0.9552172374026073,0.2236,0.21587702405093595
2024-02-01,A2,Google_Mobile,0.9552172374026073,0.12963333333333335,0.12265467635862595
2024-02-01,A2,Google_Mobile_Brand,0.9552172374026073,0.1361,0.1289025280221461
2024-02-01,A2,Google_Pmax,0.9552172374026073,0.1543,0.14752760860273428
2024-02-01,A2,Google_UAC_Android,0.9552172374026073,0.12226666666666668,0.11493467120217683
2024-02-01,A2,Google_UAC_iOS,0.9552172374026073,0.13543333333333332,0.12906151176956596
2024-02-01,A2,Hopper,0.9552172374026073,0.18813333333333335,0.1772936894865736
2024-02-01,A2,Kayak_Afterclick,0.9552172374026073,,
2024-02-01,A2,Kayak_Desktop,0.9552172374026073,0.23116666666666666,0.222529730709356
2024-02-01,A2,Kayak_Desktop_Carousel,0.9552172374026073,0.15116666666666667,0.14354455408094874
2024-02-01,A2,Kayak_Desktop_Compare,0.9552172374026073,0.21096666666666666,0.20229806630754382
2024-02-01,A2,Kayak_Desktop_Core,0.9552172374026073,0.21983333333333333,0.21135469791135522
2024-02-01,A2,Kayak_Desktop_Front_Door,0.9552172374026073,0.27376666666666666,0.26746236540517676
2024-02-01,A2,Kayak_Mobile,0.9552172374026073,0.16716666666666666,0.15943311255576273
2024-02-01,A2,Kayak_Mobile_Core,0.9552172374026073,0.1698666666666667,0.16199279161909572
2024-02-01,A2,Kayak_Mobile_Front_Door,0.9552172374026073,0.18496666666666664,0.18007293166918084
2024-02-01,A2,Mediaalpha,0.9552172374026073,0.18889999999999998,0.18115140869049204
2024-02-01,A2,Microsoft_Desktop,0.9552172374026073,0.18543333333333334,0.17752926794836352
2024-02-01,A2,Microsoft_Desktop_Brand,0.9552172374026073,0.17323333333333335,0.16598079729033716
2024-02-01,A2,Microsoft_Mobile_Brand,0.9552172374026073,0.24296666666666666,0.2457188937120164
2024-02-01,A2,Other_Goals,0.9552172374026073,0.17279999999999998,0.16614963815449352
2024-02-01,A2,Paid_Other,0.9552172374026073,0.1426,0.1363001044035609
2024-02-01,A2,Pinterest,0.9552172374026073,0.13199999999999998,0.12387538159563895
2024-02-01,A2,Reddit,0.9552172374026073,0.23083333333333333,0.2212487949108539
2024-02-01,A2,Snapchat,0.9552172374026073,0.10183333333333333,0.09644302306765573
2024-02-01,A2,Tiktok,0.9552172374026073,0.0794,0.07328518900237765
2024-02-01,A2,Youtube_Test,0.9552172374026073,0.1916,0.19664525019163662
2024-03-01,A2,Apple,0.9804037425173638,0.14646666666666666,0.14268611584481766
2024-03-01,A2,Apple_Brand,0.9804037425173638,0.12653333333333333,0.12321901798645372
2024-03-01,A2,Autorental_Desktop,0.9804037425173638,0.22239999999999996,0.2181902922816257
2024-03-01,A2,Autorental_Mobile,0.9804037425173638,0.06563333333333336,0.06453510845789927
2024-03-01,A2,Brand_Other,0.9804037425173638,0.11886666666666663,0.11531619305710229
2024-03-01,A2,Capital_One,0.9804037425173638,0.24313333333333334,0.24147512114325967
2024-03-01,A2,Delta,0.9804037425173638,0.3116999999999999,0.3091201245486905
2024-03-01,A2,Expedia,0.9804037425173638,0.18913333333333335,0.18590462579041248
2024-03-01,A2,Facebook/IG_App,0.9804037425173638,0.15503333333333333,0.1527059279880398
2024-03-01,A2,Facebook/IG_Web,0.9804037425173638,0.06903333333333334,0.06378982853533421
2024-03-01,A2,Facebook_Retargeting_Test,0.9804037425173638,1.0,1.0
2024-03-01,A2,Free_Google,0.9804037425173638,0.1911333333333333,0.18787079695330622
2024-03-01,A2,Free_Microsoft,0.9804037425173638,0.19253333333333333,0.18946319079153087
2024-03-01,A2,Free_Other,0.9804037425173638,0.16696666666666668,0.16379439617555047
2024-03-01,A2,Google_Desktop,0.9804037425173638,0.21766666666666667,0.21467417805415093
2024-03-01,A2,Google_Desktop_Brand,0.9804037425173638,0.2187333333333333,0.21595022491673113
2024-03-01,A2,Google_Discovery,0.9804037425173638,0.1184,0.32403118756259436
2024-03-01,A2,Google_Mobile,0.9804037425173638,0.12193333333333334,0.11868571898086923
2024-03-01,A2,Google_Mobile_Brand,0.9804037425173638,0.13033333333333333,0.12699967936177586
2024-03-01,A2,Google_Pmax,0.9804037425173638,0.14409999999999998,0.14122380681604552
2024-03-01,A2,Google_UAC_Android,0.9804037425173638,0.11326666666666668,0.10991649246064328
2024-03-01,A2,Google_UAC_iOS,0.9804037425173638,0.12903333333333333,0.12608497811234012
2024-03-01,A2,Hopper,0.9804037425173638,0.16179999999999997,0.15914037813736753
2024-03-01,A2,Kayak_Afterclick,0.9804037425173638,0.282,0.3128184470978676
2024-03-01,A2,Kayak_Desktop,0.9804037425173638,0.22853333333333334,0.2253476220198132
2024-03-01,A2,Kayak_Desktop_Carousel,0.9804037425173638,0.15303333333333333,0.1494379154019575
2024-03-01,A2,Kayak_Desktop_Compare,0.9804037425173638,0.1686,0.1657376813808863
2024-03-01,A2,Kayak_Desktop_Core,0.9804037425173638,0.21646666666666667,0.2133026819458881
2024-03-01,A2,Kayak_Desktop_Front_Door,0.9804037425173638,0.24430000000000004,0.24362271412092837
2024-03-01,A2,Kayak_Mobile,0.9804037425173638,0.1552,0.1520144917004122
2024-03-01,A2,Kayak_Mobile_Core,0.9804037425173638,0.15866666666666665,0.1552073903875646
2024-03-01,A2,Kayak_Mobile_Front_Door,0.9804037425173638,0.2231,0.2773494874926223
2024-03-01,A2,Mediaalpha,0.9804037425173638,0.1819333333333333,0.17925630418073937
2024-03-01,A2,Microsoft_Desktop,0.9804037425173638,0.1785,0.17494080216570645
2024-03-01,A2,Microsoft_Desktop_Brand,0.9804037425173638,0.1666,0.1634887899799623
2024-03-01,A2,Microsoft_Mobile,0.9804037425173638,0.16466666666666666,0.14160639853837578
2024-03-01,A2,Microsoft_Mobile_Brand,0.9804037425173638,0.229,0.21504702521104713
2024-03-01,A2,Moloco,0.9804037425173638,,
2024-03-01,A2,Other_Goals,0.9804037425173638,0.17193333333333335,0.1693542589218719
2024-03-01,A2,Paid_Other,0.9804037425173638,0.1432,0.1401665716422517
2024-03-01,A2,Pinterest,0.9804037425173638,0.21116666666666664,0.20746943717947192
2024-03-01,A2,Reddit,0.9804037425173638,0.24676666666666666,0.25059512016325497
2024-03-01,A2,Snapchat,0.9804037425173638,0.10873333333333333,0.10588329466809644
2024-03-01,A2,Tiktok,0.9804037425173638,0.06249999999999999,0.06002731871020135
2024-03-01,A2,Youtube_Test,0.9804037425173638,0.15606666666666666,0.15328673850021124
2024-01-01,A3,Apple,0.9674849019850829,0.10073333333333334,0.09605326447219296
2024-01-01,A3,Apple_Brand,0.9674849019850829,0.10133333333333334,0.09700351311043912
2024-01-01,A3,Autorental_Desktop,0.9674849019850829,0.0786,0.07599246216813162
2024-01-01,A3,Autorental_Mobile,0.9674849019850829,0.08383333333333333,0.07979480433799124
2024-01-01,A3,Brand_Other,0.9674849019850829,0.10063333333333334,0.09632876243926886
2024-01-01,A3,Capital_One,0.9674849019850829,0.06476666666666667,0.06433607171252075
2024-01-01,A3,Delta,0.9674849019850829,0.09243333333333333,0.09160397325192415
2024-01-01,A3,Expedia,0.9674849019850829,0.12666666666666668,0.12501398051797472
2024-01-01,A3,Facebook/IG_App,0.9674849019850829,0.13313333333333333,0.1289022182695378
2024-01-01,A3,Facebook/IG_Web,0.9674849019850829,0.036399999999999995,0.03670747824360894
2024-01-01,A3,Free_Google,0.9674849019850829,0.12393333333333334,0.12061991635701073
2024-01-01,A3,Free_Microsoft,0.9674849019850829,0.10363333333333331,0.10194232130975857
2024-01-01,A3,Free_Other,0.9674849019850829,0.12269999999999999,0.11862327871536439
2024-01-01,A3,Google_Desktop,0.9674849019850829,0.11903333333333332,0.11726785807491819
2024-01-01,A3,Google_Desktop_Brand,0.9674849019850829,0.11723333333333334,0.11575725072770224
2024-01-01,A3,Google_Mobile,0.9674849019850829,0.1085,0.10373036652851378
2024-01-01,A3,Google_Mobile_Brand,0.9674849019850829,0.09896666666666666,0.0948359983071593
2024-01-01,A3,Google_Pmax,0.9674849019850829,0.13520000000000001,0.13031152737918505
2024-01-01,A3,Google_UAC_Android,0.9674849019850829,0.1044,0.09909588657705551
2024-01-01,A3,Google_UAC_iOS,0.9674849019850829,0.1196,0.11491233001184638
2024-01-01,A3,Hopper,0.9674849019850829,0.15336666666666668,0.15330423542666474
2024-01-01,A3,Kayak_Desktop,0.9674849019850829,0.10313333333333334,0.10251646130626779
2024-01-01,A3,Kayak_Desktop_Carousel,0.9674849019850829,0.10746666666666667,0.10322331118973824
2024-01-01,A3,Kayak_Desktop_Compare,0.9674849019850829,0.1251,0.12290816775268015
2024-01-01,A3,Kayak_Desktop_Core,0.9674849019850829,0.10246666666666666,0.10126665631660334
2024-01-01,A3,Kayak_Desktop_Front_Door,0.9674849019850829,0.16493333333333335,0.1653573769577739
2024-01-01,A3,Kayak_Mobile,0.9674849019850829,0.12293333333333334,0.11911166409238055
2024-01-01,A3,Kayak_Mobile_Core,0.9674849019850829,0.11616666666666665,0.1121529638461535
2024-01-01,A3,Kayak_Mobile_Front_Door,0.9674849019850829,0.10299999999999998,0.1015044618568128
2024-01-01,A3,Mediaalpha,0.9674849019850829,0.1059,0.10339599906703477
2024-01-01,A3,Microsoft_Desktop,0.9674849019850829,0.10293333333333334,0.10090171585165982
2024-01-01,A3,Microsoft_Desktop_Brand,0.9674849019850829,0.09943333333333333,0.09772802493066529
2024-01-01,A3,Microsoft_Mobile,0.9674849019850829,0.08453333333333335,0.08720866391684816
2024-01-01,A3,Microsoft_Mobile_Brand,0.9674849019850829,0.20286666666666667,0.20599366096708197
2024-01-01,A3,Other_Goals,0.9674849019850829,0.1423,0.13816041859673245
2024-01-01,A3,Paid_Other,0.9674849019850829,0.11850000000000004,0.11458259144443864
2024-01-01,A3,Pinterest,0.9674849019850829,0.1756,0.16054344480962024
2024-01-01,A3,Reddit,0.9674849019850829,0.15516666666666667,0.15052200313997657
2024-01-01,A3,Snapchat,0.9674849019850829,0.12220000000000002,0.11603549086631729
2024-01-01,A3,Tiktok,0.9674849019850829,0.08886666666666666,0.08319671784544774
2024-01-01,A3,Youtube_Test,0.9674849019850829,0.1841333333333333,0.1746714380873368
2024-02-01,A3,Apple,0.8864564818781246,0.10226666666666667,0.08964876443823439
2024-02-01,A3,Apple_Brand,0.8864564818781246,0.09753333333333335,0.08551175898703911
2024-02-01,A3,Autorental_Desktop,0.8864564818781246,0.06816666666666667,0.06027774473090813
2024-02-01,A3,Autorental_Mobile,0.8864564818781246,0.09303333333333334,0.08200518486616577
2024-02-01,A3,Brand_Other,0.8864564818781246,0.08679999999999999,0.07594590631707679
2024-02-01,A3,Capital_One,0.8864564818781246,0.05553333333333332,0.050752663022335213
2024-02-01,A3,Delta,0.8864564818781246,0.08253333333333333,0.07341044660295763
2024-02-01,A3,Expedia,0.8864564818781246,0.12103333333333333,0.10742691730677503
2024-02-01,A3,Facebook/IG_App,0.8864564818781246,0.13483333333333333,0.12040025925712547
2024-02-01,A3,Facebook/IG_Web,0.8864564818781246,0.04276666666666667,0.03562154604014299
2024-02-01,A3,Free_Google,0.8864564818781246,0.12186666666666668,0.10846923443437294
2024-02-01,A3,Free_Microsoft,0.8864564818781246,0.10056666666666665,0.08958298262926087
2024-02-01,A3,Free_Other,0.8864564818781246,0.12056666666666667,0.10694529310606052
2024-02-01,A3,Google_Desktop,0.8864564818781246,0.11786666666666668,0.1055110710672224
2024-02-01,A3,Google_Desktop_Brand,0.8864564818781246,0.11673333333333334,0.10458870348449449
2024-02-01,A3,Google_Discovery,0.8864564818781246,0.14333333333333334,0.12468235780836685
2024-02-01,A3,Google_Mobile,0.8864564818781246,0.10083333333333333,0.08853741049191861
2024-02-01,A3,Google_Mobile_Brand,0.8864564818781246,0.09673333333333334,0.08502266859707751
2024-02-01,A3,Google_Pmax,0.8864564818781246,0.13053333333333333,0.11582013692415762
2024-02-01,A3,Google_UAC_Android,0.8864564818781246,0.09633333333333334,0.08403783249835696
2024-02-01,A3,Google_UAC_iOS,0.8864564818781246,0.1220666666666667,0.10795022071279936
2024-02-01,A3,Hopper,0.8864564818781246,0.12536666666666665,0.10963895188808581
2024-02-01,A3,Kayak_Afterclick,0.8864564818781246,,
2024-02-01,A3,Kayak_Desktop,0.8864564818781246,0.10066666666666667,0.0899298334227973
2024-02-01,A3,Kayak_Desktop_Carousel,0.8864564818781246,0.1052,0.09270468716177292
2024-02-01,A3,Kayak_Desktop_Compare,0.8864564818781246,0.12363333333333333,0.11001926474063667
2024-02-01,A3,Kayak_Desktop_Core,0.8864564818781246,0.10233333333333333,0.09130419888010068
2024-02-01,A3,Kayak_Desktop_Front_Door,0.8864564818781246,0.15990000000000001,0.14497257263494043
2024-02-01,A3,Kayak_Mobile,0.8864564818781246,0.1198,0.10603297072903688
2024-02-01,A3,Kayak_Mobile_Core,0.8864564818781246,0.11236666666666666,0.09944439087057604
2024-02-01,A3,Kayak_Mobile_Front_Door,0.8864564818781246,0.06393333333333333,0.05776138287541201
2024-02-01,A3,Mediaalpha,0.8864564818781246,0.11806666666666667,0.10507328951160792
2024-02-01,A3,Microsoft_Desktop,0.8864564818781246,0.10433333333333333,0.09269589646766618
2024-02-01,A3,Microsoft_Desktop_Brand,0.8864564818781246,0.09116666666666667,0.08106207739173933
2024-02-01,A3,Microsoft_Mobile,0.8864564818781246,0.06423333333333335,0.0648690079481838
2024-02-01,A3,Microsoft_Mobile_Brand,0.8864564818781246,0.164,0.15391855337475344
2024-02-01,A3,Other_Goals,0.8864564818781246,0.1365666666666667,0.12185844724895464
2024-02-01,A3,Paid_Other,0.8864564818781246,0.11936666666666669,0.10588025981329618
2024-02-01,A3,Pinterest,0.8864564818781246,0.1993666666666667,0.17362765145061715
2024-02-01,A3,Reddit,0.8864564818781246,0.17489999999999997,0.15557057947374692
2024-02-01,A3,Snapchat,0.8864564818781246,0.12486666666666667,0.10974446929268068
2024-02-01,A3,Tiktok,0.8864564818781246,0.08600000000000001,0.07366300477239654
2024-02-01,A3,Youtube_Test,0.8864564818781246,0.18123333333333327,0.17261610129834562
2024-03-01,A3,Apple,0.901532424324646,0.09736666666666667,0.08722271701167159
2024-03-01,A3,Apple_Brand,0.901532424324646,0.09606666666666668,0.08602445040526477
2024-03-01,A3,Autorental_Desktop,0.901532424324646,0.07503333333333333,0.06769105332214222
2024-03-01,A3,Autorental_Mobile,0.901532424324646,0.16746666666666665,0.15141759695646184
2024-03-01,A3,Brand_Other,0.901532424324646,0.07936666666666665,0.07080187252139389
2024-03-01,A3,Capital_One,0.901532424324646,0.0636,0.05808465239221238
2024-03-01,A3,Delta,0.901532424324646,0.08653333333333334,0.07891331751623584
2024-03-01,A3,Expedia,0.901532424324646,0.14553333333333332,0.13154095387888062
2024-03-01,A3,Facebook/IG_App,0.901532424324646,0.12986666666666666,0.11762642448720051
2024-03-01,A3,Facebook/IG_Web,0.901532424324646,0.03696666666666667,0.031410819899466556
2024-03-01,A3,Free_Google,0.901532424324646,0.11513333333333335,0.10406395152594541
2024-03-01,A3,Free_Microsoft,0.901532424324646,0.09426666666666665,0.08530086953998035
2024-03-01,A3,Free_Other,0.901532424324646,0.1164,0.10500225678826533
2024-03-01,A3,Google_Desktop,0.901532424324646,0.11063333333333332,0.10033449532279652
2024-03-01,A3,Google_Desktop_Brand,0.901532424324646,0.11063333333333332,0.1004386988014933
2024-03-01,A3,Google_Mobile,0.901532424324646,0.09503333333333334,0.085060586298277
2024-03-01,A3,Google_Mobile_Brand,0.901532424324646,0.09353333333333334,0.08380885829868738
2024-03-01,A3,Google_Pmax,0.901532424324646,0.119,0.10724258786041566
2024-03-01,A3,Google_UAC_Android,0.901532424324646,0.09116666666666667,0.08135293167012765
2024-03-01,A3,Google_UAC_iOS,0.901532424324646,0.11813333333333335,0.10614762462121671
2024-03-01,A3,Hopper,0.901532424324646,0.11086666666666667,0.10027190114747861
2024-03-01,A3,Kayak_Afterclick,0.901532424324646,0.1282,0.13076986135187607
2024-03-01,A3,Kayak_Desktop,0.901532424324646,0.1013,0.09185213625083209
2024-03-01,A3,Kayak_Desktop_Carousel,0.901532424324646,0.08876666666666667,0.07970784452766913
2024-03-01,A3,Kayak_Desktop_Compare,0.901532424324646,0.12403333333333333,0.11211881385985169
2024-03-01,A3,Kayak_Desktop_Core,0.901532424324646,0.10213333333333334,0.09254419528476435
2024-03-01,A3,Kayak_Desktop_Front_Door,0.901532424324646,0.16319999999999998,0.1496548704488573
2024-03-01,A3,Kayak_Mobile,0.901532424324646,0.11519999999999998,0.1037581320292123
2024-03-01,A3,Kayak_Mobile_Core,0.901532424324646,0.11136666666666666,0.10017475996055476
2024-03-01,A3,Kayak_Mobile_Front_Door,0.901532424324646,0.0431,0.04926987474781638
2024-03-01,A3,Mediaalpha,0.901532424324646,0.11563333333333332,0.10476629781419615
2024-03-01,A3,Microsoft_Desktop,0.901532424324646,0.08963333333333334,0.08077906673014726
2024-03-01,A3,Microsoft_Desktop_Brand,0.901532424324646,0.08576666666666666,0.07739410896648324
2024-03-01,A3,Microsoft_Mobile,0.901532424324646,0.14160000000000003,0.11197390583021477
2024-03-01,A3,Microsoft_Mobile_Brand,0.901532424324646,0.0804,0.06942731922641585
2024-03-01,A3,Moloco,0.901532424324646,,
2024-03-01,A3,Other_Goals,0.901532424324646,0.12573333333333334,0.11388403855055036
2024-03-01,A3,Paid_Other,0.901532424324646,0.10213333333333335,0.0919274746897314
2024-03-01,A3,Pinterest,0.901532424324646,0.1482,0.1338916083868049
2024-03-01,A3,Reddit,0.901532424324646,0.18436666666666668,0.17216501687279118
2024-03-01,A3,Snapchat,0.901532424324646,0.10463333333333331,0.09369387394319151
2024-03-01,A3,Tiktok,0.901532424324646,0.07766666666666666,0.06859302949342035
2024-03-01,A3,Youtube_Test,0.901532424324646,0.1959333333333333,0.17696164502372005
2024-01-01,B,Apple,0.9731692880333214,0.17566666666666667,0.1684893608858979
2024-01-01,B,Apple_Brand,0.9731692880333214,0.16876666666666665,0.1625047295305746
2024-01-01,B,Autorental_Desktop,0.9731692880333214,0.045833333333333344,0.044573179225221644
2024-01-01,B,Autorental_Mobile,0.9731692880333214,0.1727,0.16534627499449844
2024-01-01,B,Brand_Other,0.9731692880333214,0.1706,0.16426209127165534
2024-01-01,B,Capital_One,0.9731692880333214,0.0732,0.07314055867766835
2024-01-01,B,Delta,0.9731692880333214,0.06956666666666668,0.06934754468257358
2024-01-01,B,Expedia,0.9731692880333214,0.10379999999999999,0.10304757914014277
2024-01-01,B,Facebook/IG_App,0.9731692880333214,0.1980666666666667,0.19289864473947005
2024-01-01,B,Facebook/IG_Web,0.9731692880333214,0.07573333333333333,0.07682179260611685
2024-01-01,B,Free_Google,0.9731692880333214,0.14336666666666667,0.14035351010955407
2024-01-01,B,Free_Microsoft,0.9731692880333214,0.1219,0.12061545381575216
2024-01-01,B,Free_Other,0.9731692880333214,0.1639,0.15938539122882975
2024-01-01,B,Google_Desktop,0.9731692880333214,0.12273333333333336,0.1216233958006174
2024-01-01,B,Google_Desktop_Brand,0.9731692880333214,0.11813333333333333,0.1173312633218116
2024-01-01,B,Google_Discovery,0.9731692880333214,0.3504333333333333,0.3055489373941654
2024-01-01,B,Google_Mobile,0.9731692880333214,0.1729333333333333,0.16630261768530874
2024-01-01,B,Google_Mobile_Brand,0.9731692880333214,0.17536666666666667,0.16903456594479144
2024-01-01,B,Google_Pmax,0.9731692880333214,0.18156666666666665,0.176029908176158
2024-01-01,B,Google_UAC_Android,0.9731692880333214,0.18400000000000002,0.1756779075957299
2024-01-01,B,Google_UAC_iOS,0.9731692880333214,0.1872,0.1809195478673577
2024-01-01,B,Hopper,0.9731692880333214,0.1418,0.1425750734990594
2024-01-01,B,Kayak_Desktop,0.9731692880333214,0.09043333333333332,0.09042058018654518
2024-01-01,B,Kayak_Desktop_Carousel,0.9731692880333214,0.1671,0.16144502107066022
2024-01-01,B,Kayak_Desktop_Compare,0.9731692880333214,0.09823333333333334,0.09707927275041346
2024-01-01,B,Kayak_Desktop_Core,0.9731692880333214,0.09176666666666666,0.091224820388032
2024-01-01,B,Kayak_Desktop_Front_Door,0.9731692880333214,0.1466333333333333,0.14787407597170743
2024-01-01,B,Kayak_Mobile,0.9731692880333214,0.12053333333333331,0.11747244280810307
2024-01-01,B,Kayak_Mobile_Core,0.9731692880333214,0.14576666666666668,0.1415570971969138
2024-01-01,B,Kayak_Mobile_Front_Door,0.9731692880333214,0.17353333333333332,0.17201844431572802
2024-01-01,B,Mediaalpha,0.9731692880333214,0.14283333333333334,0.14027540901554125
2024-01-01,B,Microsoft_Desktop,0.9731692880333214,0.1251,0.12335138285950821
2024-01-01,B,Microsoft_Desktop_Brand,0.9731692880333214,0.13526666666666667,0.1337279261023879
2024-01-01,B,Microsoft_Mobile,0.9731692880333214,0.1575333333333333,0.1634738531722271
2024-01-01,B,Microsoft_Mobile_Brand,0.9731692880333214,0.0845,0.08630661229089814
2024-01-01,B,Other_Goals,0.9731692880333214,0.16656666666666667,0.16267133593900615
2024-01-01,B,Paid_Other,0.9731692880333214,0.165,0.16048277758555488
2024-01-01,B,Pinterest,0.9731692880333214,0.14913333333333334,0.13714721382828837
2024-01-01,B,Reddit,0.9731692880333214,0.14853333333333332,0.144933801785373
2024-01-01,B,Snapchat,0.9731692880333214,0.1951333333333333,0.1863782800279613
2024-01-01,B,Tiktok,0.9731692880333214,0.17613333333333334,0.16586435173515796
2024-01-01,B,Youtube_Test,0.9731692880333214,0.1286,0.12270850007832841
2024-02-01,B,Apple,0.9445639336181069,0.18283333333333332,0.17078098885879472
2024-02-01,B,Apple_Brand,0.9445639336181069,0.16649999999999998,0.1555467529668189
2024-02-01,B,Autorental_Desktop,0.9445639336181069,0.04620000000000001,0.04353122130085047
2024-02-01,B,Autorental_Mobile,0.9445639336181069,0.16293333333333335,0.15303353543896991
2024-02-01,B,Brand_Other,0.9445639336181069,0.1535,0.14310900517611058
2024-02-01,B,Capital_One,0.9445639336181069,0.06626666666666665,0.0645318561049182
2024-02-01,B,Delta,0.9445639336181069,0.0583,0.055254922507812096
2024-02-01,B,Expedia,0.9445639336181069,0.08549999999999998,0.08086268782608058
2024-02-01,B,Facebook/IG_App,0.9445639336181069,0.19503333333333336,0.18557220712794503
2024-02-01,B,Facebook/IG_Web,0.9445639336181069,0.08763333333333334,0.0777769007318147
2024-02-01,B,Free_Google,0.9445639336181069,0.14233333333333334,0.13499018787839728
2024-02-01,B,Free_Microsoft,0.9445639336181069,0.11886666666666666,0.11282503724078861
2024-02-01,B,Free_Other,0.9445639336181069,0.16203333333333333,0.15314849251226054
2024-02-01,B,Google_Desktop,0.9445639336181069,0.12223333333333336,0.11659250256119877
2024-02-01,B,Google_Desktop_Brand,0.9445639336181069,0.12236666666666667,0.1168226251094859
2024-02-01,B,Google_Discovery,0.9445639336181069,0.47583333333333333,0.44104876123854947
2024-02-01,B,Google_Mobile,0.9445639336181069,0.1687,0.15783805222638247
2024-02-01,B,Google_Mobile_Brand,0.9445639336181069,0.1743,0.16324124734013726
2024-02-01,B,Google_Pmax,0.9445639336181069,0.17096666666666668,0.1616396974320899
2024-02-01,B,Google_UAC_Android,0.9445639336181069,0.17453333333333335,0.16223725012831317
2024-02-01,B,Google_UAC_iOS,0.9445639336181069,0.18589999999999998,0.17517808644174196
2024-02-01,B,Hopper,0.9445639336181069,0.13786666666666667,0.12847422622916888
2024-02-01,B,Kayak_Afterclick,0.9445639336181069,,
2024-02-01,B,Kayak_Desktop,0.9445639336181069,0.08836666666666666,0.084116368054956
2024-02-01,B,Kayak_Desktop_Carousel,0.9445639336181069,0.17556666666666665,0.16485493610863944
2024-02-01,B,Kayak_Desktop_Compare,0.9445639336181069,0.0903,0.08562386916424658
2024-02-01,B,Kayak_Desktop_Core,0.9445639336181069,0.09219999999999999,0.08765536235777081
2024-02-01,B,Kayak_Desktop_Front_Door,0.9445639336181069,0.13749999999999998,0.13283545849585937
2024-02-01,B,Kayak_Mobile,0.9445639336181069,0.13019999999999998,0.12279170628655482
2024-02-01,B,Kayak_Mobile_Core,0.9445639336181069,0.14596666666666666,0.1376481641439507
2024-02-01,B,Kayak_Mobile_Front_Door,0.9445639336181069,0.28409999999999996,0.27349878835895525
2024-02-01,B,Mediaalpha,0.9445639336181069,0.12936666666666666,0.12267649341351705
2024-02-01,B,Microsoft_Desktop,0.9445639336181069,0.11389999999999999,0.10782887868965298
2024-02-01,B,Microsoft_Desktop_Brand,0.9445639336181069,0.1339,0.12686334820840092
2024-02-01,B,Microsoft_Mobile,0.9445639336181069,0.15699999999999997,0.16894696234298237
2024-02-01,B,Microsoft_Mobile_Brand,0.9445639336181069,0.11159999999999999,0.11160541285301444
2024-02-01,B,Other_Goals,0.9445639336181069,0.16316666666666665,0.1551373293808542
2024-02-01,B,Paid_Other,0.9445639336181069,0.169,0.1597322376065261
2024-02-01,B,Pinterest,0.9445639336181069,0.16403333333333334,0.15222023649962846
2024-02-01,B,Reddit,0.9445639336181069,0.12263333333333333,0.11623050691404636
2024-02-01,B,Snapchat,0.9445639336181069,0.18953333333333333,0.17749889912766087
2024-02-01,B,Tiktok,0.9445639336181069,0.15103333333333332,0.13784712896157517
2024-02-01,B,Youtube_Test,0.9445639336181069,0.14819999999999997,0.15040607139999845
2024-03-01,B,Apple,0.9619666376452807,0.1617,0.1545638716762978
2024-03-01,B,Apple_Brand,0.9619666376452807,0.16333333333333333,0.15606397685237003
2024-03-01,B,Autorental_Desktop,0.9619666376452807,0.04466666666666667,0.04299710690676261
2024-03-01,B,Autorental_Mobile,0.9619666376452807,0.13340000000000002,0.12870116032223647
2024-03-01,B,Brand_Other,0.9619666376452807,0.1461,0.139070648014411
2024-03-01,B,Capital_One,0.9619666376452807,0.05146666666666666,0.05015439310330999
2024-03-01,B,Delta,0.9619666376452807,0.054233333333333335,0.052773005135583057
2024-03-01,B,Expedia,0.9619666376452807,0.07179999999999997,0.06924710373437025
2024-03-01,B,Facebook/IG_App,0.9619666376452807,0.1870666666666667,0.18079327391837072
2024-03-01,B,Facebook/IG_Web,0.9619666376452807,0.05433333333333334,0.049262221227117944
2024-03-01,B,Free_Google,0.9619666376452807,0.1386,0.13367220867254812
2024-03-01,B,Free_Microsoft,0.9619666376452807,0.1332,0.12861102278877656
2024-03-01,B,Free_Other,0.9619666376452807,0.15866666666666665,0.15272495657438862
2024-03-01,B,Google_Desktop,0.9619666376452807,0.11673333333333336,0.11296341657973635
2024-03-01,B,Google_Desktop_Brand,0.9619666376452807,0.12083333333333333,0.11705244656221579
2024-03-01,B,Google_Mobile,0.9619666376452807,0.16406666666666667,0.15669365942300914
2024-03-01,B,Google_Mobile_Brand,0.9619666376452807,0.16766666666666666,0.1603056768239608
2024-03-01,B,Google_Pmax,0.9619666376452807,0.15913333333333335,0.15302420897485886
2024-03-01,B,Google_UAC_Android,0.9619666376452807,0.17033333333333334,0.16218677445908625
2024-03-01,B,Google_UAC_iOS,0.9619666376452807,0.1869666666666667,0.17925887478290098
2024-03-01,B,Hopper,0.9619666376452807,0.15363333333333334,0.1482662733336014
2024-03-01,B,Kayak_Afterclick,0.9619666376452807,0.0769,0.08369984180601363
2024-03-01,B,Kayak_Desktop,0.9619666376452807,0.07993333333333334,0.07733683583039641
2024-03-01,B,Kayak_Desktop_Carousel,0.9619666376452807,0.16966666666666666,0.16256473491644532
2024-03-01,B,Kayak_Desktop_Compare,0.9619666376452807,0.10426666666666667,0.10056902233197612
2024-03-01,B,Kayak_Desktop_Core,0.9619666376452807,0.08999999999999998,0.08701674741847433
2024-03-01,B,Kayak_Desktop_Front_Door,0.9619666376452807,0.17853333333333332,0.17469025299545743
2024-03-01,B,Kayak_Mobile,0.9619666376452807,0.12729999999999997,0.12234232464282667
2024-03-01,B,Kayak_Mobile_Core,0.9619666376452807,0.1425,0.1367718159377062
2024-03-01,B,Kayak_Mobile_Front_Door,0.9619666376452807,0.2421333333333333,0.29535030803029677
2024-03-01,B,Mediaalpha,0.9619666376452807,0.13646666666666665,0.1319300706569325
2024-03-01,B,Microsoft_Desktop,0.9619666376452807,0.11159999999999999,0.10731789305064449
2024-03-01,B,Microsoft_Desktop_Brand,0.9619666376452807,0.13196666666666665,0.12706685455399067
2024-03-01,B,Microsoft_Mobile,0.9619666376452807,0.1374333333333333,0.11596430068898401
2024-03-01,B,Microsoft_Mobile_Brand,0.9619666376452807,0.10793333333333333,0.09945087225219203
2024-03-01,B,Moloco,0.9619666376452807,,
2024-03-01,B,Other_Goals,0.9619666376452807,0.1674,0.1617880882558051
2024-03-01,B,Paid_Other,0.9619666376452807,0.1603,0.15395365549415488
2024-03-01,B,Pinterest,0.9619666376452807,0.16503333333333334,0.15909461714328124
2024-03-01,B,Reddit,0.9619666376452807,0.13683333333333333,0.1363430709630897
2024-03-01,B,Snapchat,0.9619666376452807,0.19483333333333333,0.18615857895033064
2024-03-01,B,Tiktok,0.9619666376452807,0.16090000000000002,0.15162821468204762
2024-03-01,B,Youtube_Test,0.9619666376452807,0.19746666666666665,0.1903019656570464
2024-01-01,C,Apple,0.9973287198426897,0.1236,0.12149307493028169
2024-01-01,C,Apple_Brand,0.9973287198426897,0.12003333333333333,0.11844892674307286
2024-01-01,C,Autorental_Desktop,0.9973287198426897,0.04526666666666667,0.045114963905065975
2024-01-01,C,Autorental_Mobile,0.9973287198426897,0.15846666666666667,0.15548551313595624
2024-01-01,C,Brand_Other,0.9973287198426897,0.1292,0.12748842776931277
2024-01-01,C,Delta,0.9973287198426897,0.017933333333333332,0.01832064867033762
2024-01-01,C,Expedia,0.9973287198426897,0.057066666666666675,0.05805944451786403
2024-01-01,C,Facebook/IG_App,0.9973287198426897,0.1094,0.10919054569633108
2024-01-01,C,Facebook/IG_Web,0.9973287198426897,0.1318,0.13701329344622815
2024-01-01,C,Free_Google,0.9973287198426897,0.08256666666666668,0.08283803209718062
2024-01-01,C,Free_Microsoft,0.9973287198426897,0.055566666666666674,0.05634605638087451
2024-01-01,C,Free_Other,0.9973287198426897,0.10083333333333333,0.10049017772053455
2024-01-01,C,Google_Desktop,0.9973287198426897,0.06093333333333334,0.061881304884083
2024-01-01,C,Google_Desktop_Brand,0.9973287198426897,0.054933333333333334,0.05591485097477846
2024-01-01,C,Google_Discovery,0.9973287198426897,0.18473333333333333,0.16507091763189002
2024-01-01,C,Google_Mobile,0.9973287198426897,0.13406666666666667,0.13212686025563167
2024-01-01,C,Google_Mobile_Brand,0.9973287198426897,0.12739999999999999,0.12584843942013663
2024-01-01,C,Google_Pmax,0.9973287198426897,0.10056666666666665,0.0999204377774288
2024-01-01,C,Google_UAC_Android,0.9973287198426897,0.14156666666666665,0.13851929234936072
2024-01-01,C,Google_UAC_iOS,0.9973287198426897,0.12919999999999998,0.12796526305781375
2024-01-01,C,Hopper,0.9973287198426897,0.09286666666666667,0.09569233708778009
2024-01-01,C,Kayak_Desktop,0.9973287198426897,0.026933333333333333,0.02759807478635393
2024-01-01,C,Kayak_Desktop_Carousel,0.9973287198426897,0.11370000000000001,0.11257931494241799
2024-01-01,C,Kayak_Desktop_Compare,0.9973287198426897,0.0343,0.034738549766068105
2024-01-01,C,Kayak_Desktop_Core,0.9973287198426897,0.03523333333333333,0.035894815357361796
2024-01-01,C,Kayak_Desktop_Front_Door,0.9973287198426897,0.0431,0.044543725528269504
2024-01-01,C,Kayak_Mobile,0.9973287198426897,0.10616666666666667,0.10603932280420332
2024-01-01,C,Kayak_Mobile_Core,0.9973287198426897,0.10443333333333334,0.1039351618410352
2024-01-01,C,Kayak_Mobile_Front_Door,0.9973287198426897,0.08293333333333333,0.08425024233885792
2024-01-01,C,Mediaalpha,0.9973287198426897,0.0798,0.0803165036243239
2024-01-01,C,Microsoft_Desktop,0.9973287198426897,0.062000000000000006,0.06265104700887321
2024-01-01,C,Microsoft_Desktop_Brand,0.9973287198426897,0.07273333333333333,0.07369104985333479
2024-01-01,C,Microsoft_Mobile,0.9973287198426897,0.08533333333333336,0.0907495495713038
2024-01-01,C,Other_Goals,0.9973287198426897,0.10093333333333333,0.10102002822304554
2024-01-01,C,Paid_Other,0.9973287198426897,0.10166666666666667,0.10133815744597219
2024-01-01,C,Pinterest,0.9973287198426897,0.061733333333333335,0.058181099285430214
2024-01-01,C,Reddit,0.9973287198426897,0.07523333333333333,0.07523258632345065
2024-01-01,C,Snapchat,0.9973287198426897,0.16393333333333335,0.16046526463408792
2024-01-01,C,Tiktok,0.9973287198426897,0.15956666666666663,0.15399393087285063
2024-01-01,C,Youtube_Test,0.9973287198426897,0.0689,0.06737562884667117
2024-02-01,C,Apple,0.9901009765499686,0.11003333333333333,0.10773493310242378
2024-02-01,C,Apple_Brand,0.9901009765499686,0.12166666666666666,0.11914242943749279
2024-02-01,C,Autorental_Desktop,0.9901009765499686,0.055266666666666665,0.054584618303194145
2024-02-01,C,Autorental_Mobile,0.9901009765499686,0.1434,0.14118025124608183
2024-02-01,C,Brand_Other,0.9901009765499686,0.1326,0.12958365846986733
2024-02-01,C,Capital_One,0.9901009765499686,0.017133333333333334,0.0174891630105202
2024-02-01,C,Delta,0.9901009765499686,0.0167,0.016590788256268214
2024-02-01,C,Expedia,0.9901009765499686,0.06380000000000001,0.06324859272249242
2024-02-01,C,Facebook/IG_App,0.9901009765499686,0.1099,0.10960993297037397
2024-02-01,C,Facebook/IG_Web,0.9901009765499686,0.1959,0.18224846030142003
2024-02-01,C,Free_Google,0.9901009765499686,0.08316666666666667,0.08267857956306232
2024-02-01,C,Free_Microsoft,0.9901009765499686,0.064,0.06367566737329729
2024-02-01,C,Free_Other,0.9901009765499686,0.1019,0.10095566037071788
2024-02-01,C,Google_Desktop,0.9901009765499686,0.062266666666666665,0.062256502107522496
2024-02-01,C,Google_Desktop_Brand,0.9901009765499686,0.05516666666666667,0.055206308072684354
2024-02-01,C,Google_Discovery,0.9901009765499686,0.041633333333333335,0.04045023584391389
2024-02-01,C,Google_Mobile,0.9901009765499686,0.14103333333333332,0.13831412414542904
2024-02-01,C,Google_Mobile_Brand,0.9901009765499686,0.13113333333333332,0.1287341436401406
2024-02-01,C,Google_Pmax,0.9901009765499686,0.09146666666666665,0.09064577507924597
2024-02-01,C,Google_UAC_Android,0.9901009765499686,0.1466333333333333,0.142873943073408
2024-02-01,C,Google_UAC_iOS,0.9901009765499686,0.12603333333333333,0.12448984921210696
2024-02-01,C,Hopper,0.9901009765499686,0.06523333333333334,0.06371980473965635
2024-02-01,C,Kayak_Desktop,0.9901009765499686,0.0289,0.02883619889540001
2024-02-01,C,Kayak_Desktop_Carousel,0.9901009765499686,0.12390000000000001,0.12194930459511692
2024-02-01,C,Kayak_Desktop_Compare,0.9901009765499686,0.0403,0.04005532636431422
2024-02-01,C,Kayak_Desktop_Core,0.9901009765499686,0.0367,0.03657309908763033
2024-02-01,C,Kayak_Desktop_Front_Door,0.9901009765499686,0.031100000000000003,0.03149342108522879
2024-02-01,C,Kayak_Mobile,0.9901009765499686,0.10616666666666667,0.10495288036147543
2024-02-01,C,Kayak_Mobile_Core,0.9901009765499686,0.10049999999999999,0.09934154836544111
2024-02-01,C,Kayak_Mobile_Front_Door,0.9901009765499686,0.1055,0.10645958346395111
2024-02-01,C,Mediaalpha,0.9901009765499686,0.08136666666666666,0.08087859911454813
2024-02-01,C,Microsoft_Desktop,0.9901009765499686,0.06956666666666668,0.06903362662559359
2024-02-01,C,Microsoft_Desktop_Brand,0.9901009765499686,0.07583333333333334,0.07531194581447509
2024-02-01,C,Microsoft_Mobile,0.9901009765499686,0.22366666666666668,0.2522900545401269
2024-02-01,C,Microsoft_Mobile_Brand,0.9901009765499686,0.07323333333333333,0.07676760575975754
2024-02-01,C,Other_Goals,0.9901009765499686,0.09846666666666666,0.09813461790280446
2024-02-01,C,Paid_Other,0.9901009765499686,0.10933333333333334,0.1083194858459976
2024-02-01,C,Pinterest,0.9901009765499686,0.09703333333333335,0.09438638714135361
2024-02-01,C,Reddit,0.9901009765499686,0.0344,0.03417575922753757
2024-02-01,C,Snapchat,0.9901009765499686,0.16756666666666667,0.1644923949179009
2024-02-01,C,Tiktok,0.9901009765499686,0.16969999999999996,0.16235097086062286
2024-02-01,C,Twitch,0.9901009765499686,,
2024-02-01,C,Youtube_Test,0.9901009765499686,0.07379999999999999,0.07850939955316066
2024-03-01,C,Apple,1.0161064970878786,0.12823333333333334,0.12947267397205867
2024-03-01,C,Apple_Brand,1.0161064970878786,0.11833333333333333,0.1194302002422749
2024-03-01,C,Autorental_Desktop,1.0161064970878786,0.0656,0.06670198346666853
2024-03-01,C,Autorental_Mobile,1.0161064970878786,0.12026666666666667,0.12256066955598792
2024-03-01,C,Brand_Other,1.0161064970878786,0.15703333333333333,0.15789061989415035
2024-03-01,C,Delta,1.0161064970878786,0.0247,0.025387603010540438
2024-03-01,C,Expedia,1.0161064970878786,0.0593,0.0604103122850432
2024-03-01,C,Facebook/IG_App,1.0161064970878786,0.11159999999999999,0.11392768541203872
2024-03-01,C,Facebook/IG_Web,1.0161064970878786,0.16813333333333333,0.16102031861737223
2024-03-01,C,Free_Google,1.0161064970878786,0.08373333333333333,0.08530126898288601
2024-03-01,C,Free_Microsoft,1.0161064970878786,0.06673333333333334,0.06806063606927384
2024-03-01,C,Free_Other,1.0161064970878786,0.10210000000000001,0.10380762914692238
2024-03-01,C,Google_Desktop,1.0161064970878786,0.05986666666666666,0.061193772510781286
2024-03-01,C,Google_Desktop_Brand,1.0161064970878786,0.05413333333333333,0.05539081145358705
2024-03-01,C,Google_Discovery,1.0161064970878786,0.042,0.11912932152334574
2024-03-01,C,Google_Mobile,1.0161064970878786,0.1412,0.14244426977376579
2024-03-01,C,Google_Mobile_Brand,1.0161064970878786,0.13166666666666665,0.1329710905475365
2024-03-01,C,Google_Pmax,1.0161064970878786,0.09576666666666667,0.09727305874412259
2024-03-01,C,Google_UAC_Android,1.0161064970878786,0.14703333333333335,0.14788046663173313
2024-03-01,C,Google_UAC_iOS,1.0161064970878786,0.11503333333333332,0.11649825044333854
2024-03-01,C,Hopper,1.0161064970878786,0.0555,0.056575593605832336
2024-03-01,C,Kayak_Afterclick,1.0161064970878786,,
2024-03-01,C,Kayak_Desktop,1.0161064970878786,0.028999999999999998,0.029637099016353367
2024-03-01,C,Kayak_Desktop_Carousel,1.0161064970878786,0.1204,0.12185280122130196
2024-03-01,C,Kayak_Desktop_Compare,1.0161064970878786,0.04499999999999999,0.04584695222056142
2024-03-01,C,Kayak_Desktop_Core,1.0161064970878786,0.03573333333333333,0.036493295602076495
2024-03-01,C,Kayak_Desktop_Front_Door,1.0161064970878786,0.02723333333333333,0.02814682286022886
2024-03-01,C,Kayak_Mobile,1.0161064970878786,0.09526666666666667,0.0967093606924756
2024-03-01,C,Kayak_Mobile_Core,1.0161064970878786,0.0944,0.09570463274346516
2024-03-01,C,Kayak_Mobile_Front_Door,1.0161064970878786,0.11773333333333334,0.15169159067164048
2024-03-01,C,Mediaalpha,1.0161064970878786,0.09673333333333334,0.09878080993229064
2024-03-01,C,Microsoft_Desktop,1.0161064970878786,0.06363333333333335,0.06463560744873045
2024-03-01,C,Microsoft_Desktop_Brand,1.0161064970878786,0.07696666666666667,0.07827983985764404
2024-03-01,C,Microsoft_Mobile,1.0161064970878786,0.21813333333333337,0.19441666416909897
2024-03-01,C,Microsoft_Mobile_Brand,1.0161064970878786,0.11156666666666666,0.1085842116035331
2024-03-01,C,Moloco,1.0161064970878786,,
2024-03-01,C,Other_Goals,1.0161064970878786,0.0956,0.09759514189299558
2024-03-01,C,Paid_Other,1.0161064970878786,0.10713333333333334,0.10868267486358359
2024-03-01,C,Pinterest,1.0161064970878786,0.09266666666666667,0.0943597047613059
2024-03-01,C,Reddit,1.0161064970878786,0.0758,0.07977918374942823
2024-03-01,C,Snapchat,1.0161064970878786,0.15313333333333334,0.1545499071148231
2024-03-01,C,Taboola,1.0161064970878786,0.5,0.385164954813371
2024-03-01,C,Tiktok,1.0161064970878786,0.1628333333333333,0.16208637467300935
2024-03-01,C,Youtube_Test,1.0161064970878786,0.08896666666666668,0.0905640875917838
2024-01-01,D,Apple,1.0728106060424363,0.10556666666666666,0.11162066222533489
2024-01-01,D,Apple_Brand,1.0728106060424363,0.0987,0.10476860200618429
2024-01-01,D,Autorental_Desktop,1.0728106060424363,0.015433333333333332,0.01654575419822864
2024-01-01,D,Autorental_Mobile,1.0728106060424363,0.04629999999999998,0.04886723117101227
2024-01-01,D,Brand_Other,1.0728106060424363,0.11013333333333335,0.11689926174207135
2024-01-01,D,Delta,1.0728106060424363,0.013699999999999999,0.015055151340201075
2024-01-01,D,Expedia,1.0728106060424363,0.02573333333333333,0.028162496405963924
2024-01-01,D,Facebook/IG_App,1.0728106060424363,0.07986666666666667,0.08574681675130859
2024-01-01,D,Facebook/IG_Web,1.0728106060424363,0.14386666666666667,0.16087635199175612
2024-01-01,D,Free_Google,1.0728106060424363,0.0626,0.06755913609999091
2024-01-01,D,Free_Microsoft,1.0728106060424363,0.0438,0.04777580613750233
2024-01-01,D,Free_Other,1.0728106060424363,0.07756666666666666,0.08315327363378291
2024-01-01,D,Google_Desktop,1.0728106060424363,0.0328,0.03583134437338296
2024-01-01,D,Google_Desktop_Brand,1.0728106060424363,0.0313,0.03427048806881423
2024-01-01,D,Google_Mobile,1.0728106060424363,0.1064,0.1127967701789725
2024-01-01,D,Google_Mobile_Brand,1.0728106060424363,0.10123333333333334,0.10756888737019381
2024-01-01,D,Google_Pmax,1.0728106060424363,0.08123333333333334,0.08681989975155702
2024-01-01,D,Google_UAC_Android,1.0728106060424363,0.11503333333333333,0.12107589704934198
2024-01-01,D,Google_UAC_iOS,1.0728106060424363,0.09906666666666668,0.10554602051368758
2024-01-01,D,Hopper,1.0728106060424363,0.027866666666666665,0.030887805914491643
2024-01-01,D,Kayak_Desktop,1.0728106060424363,0.01936666666666666,0.02134657933102832
2024-01-01,D,Kayak_Desktop_Carousel,1.0728106060424363,0.08196666666666667,0.08730118602600083
2024-01-01,D,Kayak_Desktop_Compare,1.0728106060424363,0.05213333333333333,0.05679600526980311
2024-01-01,D,Kayak_Desktop_Core,1.0728106060424363,0.027033333333333336,0.029625270432672504
2024-01-01,D,Kayak_Desktop_Front_Door,1.0728106060424363,0.0122,0.01356293970145156
2024-01-01,D,Kayak_Mobile,1.0728106060424363,0.08053333333333333,0.08652451462600116
2024-01-01,D,Kayak_Mobile_Core,1.0728106060424363,0.078,0.08350311795436353
2024-01-01,D,Kayak_Mobile_Front_Door,1.0728106060424363,0.14346666666666666,0.15677534974269633
2024-01-01,D,Mediaalpha,1.0728106060424363,0.0473,0.051209174687732964
2024-01-01,D,Microsoft_Desktop,1.0728106060424363,0.05346666666666666,0.0581171736873296
2024-01-01,D,Microsoft_Desktop_Brand,1.0728106060424363,0.047066666666666666,0.051295518868770824
2024-01-01,D,Microsoft_Mobile,1.0728106060424363,0.045666666666666654,0.052240799265529186
2024-01-01,D,Microsoft_Mobile_Brand,1.0728106060424363,0.07986666666666664,0.08992647785278081
2024-01-01,D,Other_Goals,1.0728106060424363,0.0699,0.0752548991439613
2024-01-01,D,Paid_Other,1.0728106060424363,0.07283333333333335,0.07809250219057556
2024-01-01,D,Pinterest,1.0728106060424363,0.031033333333333333,0.03146120511523825
2024-01-01,D,Reddit,1.0728106060424363,0.19053333333333333,0.2049516344407189
2024-01-01,D,Snapchat,1.0728106060424363,0.12863333333333332,0.13544158384555632
2024-01-01,D,Tiktok,1.0728106060424363,0.11743333333333333,0.1219095009916741
2024-01-01,D,Youtube_Test,1.0728106060424363,0.051266666666666676,0.05392664767513783
2024-02-01,D,Apple,1.0725156829723215,0.11726666666666667,0.1243744060171078
2024-02-01,D,Apple_Brand,1.0725156829723215,0.10096666666666666,0.10710186243288779
2024-02-01,D,Autorental_Desktop,1.0725156829723215,0.014699999999999996,0.01572709476043884
2024-02-01,D,Autorental_Mobile,1.0725156829723215,0.048066666666666646,0.051261695592641855
2024-02-01,D,Brand_Other,1.0725156829723215,0.13633333333333333,0.14432212964403934
2024-02-01,D,Delta,1.0725156829723215,0.010133333333333331,0.010905034424439193
2024-02-01,D,Expedia,1.0725156829723215,0.04176666666666667,0.04485224306569799
2024-02-01,D,Facebook/IG_App,1.0725156829723215,0.07683333333333332,0.08300916730280469
2024-02-01,D,Facebook/IG_Web,1.0725156829723215,0.1721,0.17343408955378042
2024-02-01,D,Free_Google,1.0725156829723215,0.06343333333333333,0.06831017652485616
2024-02-01,D,Free_Microsoft,1.0725156829723215,0.042733333333333325,0.046055814205770054
2024-02-01,D,Free_Other,1.0725156829723215,0.0794,0.08521207774120634
2024-02-01,D,Google_Desktop,1.0725156829723215,0.03373333333333334,0.036535286665799416
2024-02-01,D,Google_Desktop_Brand,1.0725156829723215,0.03333333333333333,0.03613390255840758
2024-02-01,D,Google_Discovery,1.0725156829723215,0.05456666666666667,0.05742902745601387
2024-02-01,D,Google_Mobile,1.0725156829723215,0.11009999999999999,0.11696508530458442
2024-02-01,D,Google_Mobile_Brand,1.0725156829723215,0.10496666666666667,0.11162364909927161
2024-02-01,D,Google_Pmax,1.0725156829723215,0.0808,0.08674016377946674
2024-02-01,D,Google_UAC_Android,1.0725156829723215,0.11023333333333334,0.11634759919857102
2024-02-01,D,Google_UAC_iOS,1.0725156829723215,0.10903333333333333,0.1166626857238535
2024-02-01,D,Hopper,1.0725156829723215,0.029700000000000004,0.03142573740749505
2024-02-01,D,Kayak_Afterclick,1.0725156829723215,,
2024-02-01,D,Kayak_Desktop,1.0725156829723215,0.01713333333333333,0.018518516653973395
2024-02-01,D,Kayak_Desktop_Carousel,1.0725156829723215,0.0727,0.07751158098374697
2024-02-01,D,Kayak_Desktop_Compare,1.0725156829723215,0.05296666666666666,0.057027198034526994
2024-02-01,D,Kayak_Desktop_Core,1.0725156829723215,0.028800000000000003,0.031089400579384543
2024-02-01,D,Kayak_Desktop_Front_Door,1.0725156829723215,0.031966666666666664,0.03506557509523734
2024-02-01,D,Kayak_Mobile,1.0725156829723215,0.0809,0.08663210442958866
2024-02-01,D,Kayak_Mobile_Core,1.0725156829723215,0.08279999999999998,0.08865829240083546
2024-02-01,D,Kayak_Mobile_Front_Door,1.0725156829723215,0.1401,0.15314210093341848
2024-02-01,D,Mediaalpha,1.0725156829723215,0.056133333333333334,0.06044106255031869
2024-02-01,D,Microsoft_Desktop,1.0725156829723215,0.05023333333333333,0.05399774891329549
2024-02-01,D,Microsoft_Desktop_Brand,1.0725156829723215,0.04823333333333333,0.051888983283293874
2024-02-01,D,Microsoft_Mobile_Brand,1.0725156829723215,0.049133333333333314,0.055791698761394545
2024-02-01,D,Other_Goals,1.0725156829723215,0.07490000000000001,0.08086097615551747
2024-02-01,D,Paid_Other,1.0725156829723215,0.0729,0.07823582954159738
2024-02-01,D,Reddit,1.0725156829723215,0.16993333333333335,0.18287842287846276
2024-02-01,D,Snapchat,1.0725156829723215,0.1284,0.13653606414659272
2024-02-01,D,Tiktok,1.0725156829723215,0.12220000000000002,0.12663927518731644
2024-02-01,D,Youtube_Test,1.0725156829723215,0.04136666666666667,0.047669432679891786
2024-03-01,D,Apple,1.0523127417346279,0.11059999999999999,0.11564794328912198
2024-03-01,D,Apple_Brand,1.0523127417346279,0.10173333333333334,0.10633492703405124
2024-03-01,D,Autorental_Desktop,1.0523127417346279,0.016399999999999998,0.017269682681420064
2024-03-01,D,Autorental_Mobile,1.0523127417346279,0.05266666666666664,0.055583678356692465
2024-03-01,D,Brand_Other,1.0523127417346279,0.13296666666666668,0.13845634492821496
2024-03-01,D,Delta,1.0523127417346279,0.009199999999999998,0.00979305454356316
2024-03-01,D,Expedia,1.0523127417346279,0.04943333333333333,0.05215331090577797
2024-03-01,D,Facebook/IG_App,1.0523127417346279,0.07693333333333334,0.08133645313985896
2024-03-01,D,Facebook/IG_Web,1.0523127417346279,0.17263333333333333,0.1712210340282072
2024-03-01,D,Free_Google,1.0523127417346279,0.06679999999999998,0.07047566375287177
2024-03-01,D,Free_Microsoft,1.0523127417346279,0.030366666666666663,0.03207420554890492
2024-03-01,D,Free_Other,1.0523127417346279,0.08223333333333332,0.0865878638783228
2024-03-01,D,Google_Desktop,1.0523127417346279,0.03783333333333334,0.04004998498293079
2024-03-01,D,Google_Desktop_Brand,1.0523127417346279,0.034466666666666666,0.03652395861370514
2024-03-01,D,Google_Mobile,1.0523127417346279,0.11483333333333334,0.1199730939015941
2024-03-01,D,Google_Mobile_Brand,1.0523127417346279,0.11010000000000002,0.11515274878321832
2024-03-01,D,Google_Pmax,1.0523127417346279,0.085,0.0894134243120625
2024-03-01,D,Google_UAC_Android,1.0523127417346279,0.1204,0.12540853567837068
2024-03-01,D,Google_UAC_iOS,1.0523127417346279,0.11520000000000001,0.12082415831858007
2024-03-01,D,Hopper,1.0523127417346279,0.0342,0.03610504104308663
2024-03-01,D,Kayak_Desktop,1.0523127417346279,0.018066666666666665,0.019121472170202297
2024-03-01,D,Kayak_Desktop_Carousel,1.0523127417346279,0.0863,0.09045351059524516
2024-03-01,D,Kayak_Desktop_Compare,1.0523127417346279,0.051166666666666666,0.053987184901958335
2024-03-01,D,Kayak_Desktop_Core,1.0523127417346279,0.0314,0.03321045327511931
2024-03-01,D,Kayak_Desktop_Front_Door,1.0523127417346279,0.030933333333333337,0.03311013109796282
2024-03-01,D,Kayak_Mobile,1.0523127417346279,0.08650000000000001,0.09093880663672306
2024-03-01,D,Kayak_Mobile_Core,1.0523127417346279,0.08739999999999999,0.09176519674725166
2024-03-01,D,Kayak_Mobile_Front_Door,1.0523127417346279,0.15386666666666668,0.20531099674583222
2024-03-01,D,Mediaalpha,1.0523127417346279,0.05516666666666666,0.05834165885633523
2024-03-01,D,Microsoft_Desktop,1.0523127417346279,0.05296666666666666,0.05571798527100349
2024-03-01,D,Microsoft_Desktop_Brand,1.0523127417346279,0.055366666666666654,0.058317812973517846
2024-03-01,D,Microsoft_Mobile_Brand,1.0523127417346279,0.05466666666666665,0.055101119021725674
2024-03-01,D,Moloco,1.0523127417346279,,
2024-03-01,D,Other_Goals,1.0523127417346279,0.07390000000000001,0.07813045377283868
2024-03-01,D,Paid_Other,1.0523127417346279,0.082,0.08614997464789882
2024-03-01,D,Reddit,1.0523127417346279,0.1315,0.14333483026126656
2024-03-01,D,Snapchat,1.0523127417346279,0.12639999999999998,0.1321148654804589
2024-03-01,D,Tiktok,1.0523127417346279,0.1407,0.14504504378391514
2024-03-01,D,Youtube_Test,1.0523127417346279,0.03523333333333333,0.03714394523274779
2024-01-01,E,Apple,1.0936325988770255,0.0783,0.08439718026172459
2024-01-01,E,Apple_Brand,1.0936325988770255,0.07866666666666666,0.08512421760039221
2024-01-01,E,Autorental_Desktop,1.0936325988770255,0.014866666666666667,0.016247585261382647
2024-01-01,E,Autorental_Mobile,1.0936325988770255,0.08393333333333335,0.0903066228068777
2024-01-01,E,Brand_Other,1.0936325988770255,0.06733333333333334,0.07285703413680335
2024-01-01,E,Delta,1.0936325988770255,0.012700000000000001,0.014227109304131446
2024-01-01,E,Expedia,1.0936325988770255,0.027433333333333334,0.030605682804978884
2024-01-01,E,Facebook/IG_App,1.0936325988770255,0.058100000000000006,0.06358826398062149
2024-01-01,E,Facebook/IG_Web,1.0936325988770255,0.18699999999999997,0.21316800645793307
2024-01-01,E,Free_Google,1.0936325988770255,0.0456,0.05016756080030473
2024-01-01,E,Free_Microsoft,1.0936325988770255,0.028566666666666667,0.03176448871306025
2024-01-01,E,Free_Other,1.0936325988770255,0.059199999999999996,0.06469553645767843
2024-01-01,E,Google_Desktop,1.0936325988770255,0.022533333333333332,0.025093606836743797
2024-01-01,E,Google_Desktop_Brand,1.0936325988770255,0.020666666666666667,0.02306719439265165
2024-01-01,E,Google_Mobile,1.0936325988770255,0.0808,0.08732021288036719
2024-01-01,E,Google_Mobile_Brand,1.0936325988770255,0.08,0.0866565740134519
2024-01-01,E,Google_Pmax,1.0936325988770255,0.06663333333333334,0.0725980463420889
2024-01-01,E,Google_UAC_Android,1.0936325988770255,0.07873333333333332,0.08447749322040148
2024-01-01,E,Google_UAC_iOS,1.0936325988770255,0.08383333333333333,0.09104989230878338
2024-01-01,E,Kayak_Desktop,1.0936325988770255,0.008400000000000001,0.009438458896252147
2024-01-01,E,Kayak_Desktop_Carousel,1.0936325988770255,0.06273333333333334,0.0681129394573404
2024-01-01,E,Kayak_Desktop_Compare,1.0936325988770255,0.023499999999999997,0.026098680322863076
2024-01-01,E,Kayak_Desktop_Core,1.0936325988770255,0.014499999999999999,0.016198660933888057
2024-01-01,E,Kayak_Mobile,1.0936325988770255,0.04276666666666667,0.046840043195976136
2024-01-01,E,Kayak_Mobile_Core,1.0936325988770255,0.0584,0.06373372839390473
2024-01-01,E,Kayak_Mobile_Front_Door,1.0936325988770255,0.03546666666666667,0.03950895404289229
2024-01-01,E,Mediaalpha,1.0936325988770255,0.02656666666666667,0.02932054855969183
2024-01-01,E,Microsoft_Desktop,1.0936325988770255,0.04083333333333333,0.04524645925874399
2024-01-01,E,Microsoft_Desktop_Brand,1.0936325988770255,0.025933333333333336,0.028811954231527267
2024-01-01,E,Microsoft_Mobile_Brand,1.0936325988770255,0.0514,0.05899748961606944
2024-01-01,E,Other_Goals,1.0936325988770255,0.04046666666666667,0.04441231618980315
2024-01-01,E,Paid_Other,1.0936325988770255,0.05136666666666667,0.05614472055723658
2024-01-01,E,Pinterest,1.0936325988770255,0.025033333333333335,0.025871046642704534
2024-01-01,E,Reddit,1.0936325988770255,0.04293333333333333,0.0470785867959777
2024-01-01,E,Snapchat,1.0936325988770255,0.09599999999999999,0.10304291159833091
2024-01-01,E,Tiktok,1.0936325988770255,0.13360000000000002,0.14138424337253272
2024-01-01,E,Youtube_Test,1.0936325988770255,0.017833333333333333,0.019122702066019497
2024-02-01,E,Apple,1.075004534029262,0.0786,0.08355753698649386
2024-02-01,E,Apple_Brand,1.075004534029262,0.08123333333333334,0.08636940413649037
2024-02-01,E,Autorental_Desktop,1.075004534029262,0.016533333333333334,0.017729571324957605
2024-02-01,E,Autorental_Mobile,1.075004534029262,0.11786666666666668,0.12599305537018674
2024-02-01,E,Brand_Other,1.075004534029262,0.0661,0.07013567474828375
2024-02-01,E,Delta,1.075004534029262,0.015666666666666666,0.016898881468538452
2024-02-01,E,Expedia,1.075004534029262,0.0732,0.0787901770479721
2024-02-01,E,Facebook/IG_App,1.075004534029262,0.05993333333333333,0.06490101061515063
2024-02-01,E,Facebook/IG_Web,1.075004534029262,0.17603333333333335,0.17780957823767302
2024-02-01,E,Free_Google,1.075004534029262,0.04756666666666667,0.051342526626392014
2024-02-01,E,Free_Microsoft,1.075004534029262,0.025000000000000005,0.027006253952751465
2024-02-01,E,Free_Other,1.075004534029262,0.06166666666666667,0.0663342419839374
2024-02-01,E,Google_Desktop,1.075004534029262,0.023533333333333333,0.025547202614239987
2024-02-01,E,Google_Desktop_Brand,1.075004534029262,0.021133333333333334,0.02296205598600557
2024-02-01,E,Google_Discovery,1.075004534029262,0.05810000000000004,0.061289603804396076
2024-02-01,E,Google_Mobile,1.075004534029262,0.08526666666666667,0.09079351983022038
2024-02-01,E,Google_Mobile_Brand,1.075004534029262,0.08393333333333332,0.08946350844210563
2024-02-01,E,Google_Pmax,1.075004534029262,0.06453333333333333,0.06943838634475981
2024-02-01,E,Google_UAC_Android,1.075004534029262,0.09503333333333334,0.10053727114393136
2024-02-01,E,Google_UAC_iOS,1.075004534029262,0.08483333333333332,0.09097998425243804
2024-02-01,E,Hopper,1.075004534029262,0.0307,0.032559224176878974
2024-02-01,E,Kayak_Desktop,1.075004534029262,0.008533333333333335,0.009244633264216248
2024-02-01,E,Kayak_Desktop_Carousel,1.075004534029262,0.06496666666666667,0.06942716207382578
2024-02-01,E,Kayak_Desktop_Compare,1.075004534029262,0.0313,0.03377772325622853
2024-02-01,E,Kayak_Desktop_Core,1.075004534029262,0.014766666666666666,0.015977505546600056
2024-02-01,E,Kayak_Desktop_Front_Door,1.075004534029262,0.007366666666666667,0.008099557204424653
2024-02-01,E,Kayak_Mobile,1.075004534029262,0.05176666666666666,0.055563192127121686
2024-02-01,E,Kayak_Mobile_Core,1.075004534029262,0.07353333333333334,0.0789187001504007
2024-02-01,E,Kayak_Mobile_Front_Door,1.075004534029262,0.0494,0.05412402163982008
2024-02-01,E,Mediaalpha,1.075004534029262,0.027333333333333338,0.029499217798743635
2024-02-01,E,Microsoft_Desktop,1.075004534029262,0.042333333333333334,0.04561133337074945
2024-02-01,E,Microsoft_Desktop_Brand,1.075004534029262,0.02526666666666667,0.027244728238261885
2024-02-01,E,Microsoft_Mobile,1.075004534029262,0.0954,0.11683636774975448
2024-02-01,E,Other_Goals,1.075004534029262,0.04343333333333333,0.04699882145587103
2024-02-01,E,Paid_Other,1.075004534029262,0.05433333333333334,0.05844551067748647
2024-02-01,E,Pinterest,1.075004534029262,0.025233333333333333,0.026649793240347823
2024-02-01,E,Reddit,1.075004534029262,0.031599999999999996,0.03408612391855001
2024-02-01,E,Snapchat,1.075004534029262,0.1032,0.10999392450162569
2024-02-01,E,Tiktok,1.075004534029262,0.1459,0.15155111877270805
2024-03-01,E,Apple,1.075912960526008,0.08986666666666666,0.09607573815046876
2024-03-01,E,Apple_Brand,1.075912960526008,0.08696666666666668,0.09293895763456692
2024-03-01,E,Autorental_Desktop,1.075912960526008,0.0234,0.02519350993677682
2024-03-01,E,Autorental_Mobile,1.075912960526008,0.0843,0.09096437421163651
2024-03-01,E,Brand_Other,1.075912960526008,0.08320000000000001,0.08857796884545883
2024-03-01,E,Delta,1.075912960526008,0.011266666666666668,0.012261909364614177
2024-03-01,E,Expedia,1.075912960526008,0.0782,0.0843531006998101
2024-03-01,E,Facebook/IG_App,1.075912960526008,0.05963333333333334,0.06446026346594123
2024-03-01,E,Facebook/IG_Web,1.075912960526008,0.1869333333333333,0.18956210361130527
2024-03-01,E,Free_Google,1.075912960526008,0.049433333333333336,0.05332304217740319
2024-03-01,E,Free_Microsoft,1.075912960526008,0.027433333333333337,0.029625772014486237
2024-03-01,E,Free_Other,1.075912960526008,0.0644,0.06933097511065302
2024-03-01,E,Google_Desktop,1.075912960526008,0.024533333333333334,0.026553184950909102
2024-03-01,E,Google_Desktop_Brand,1.075912960526008,0.0205,0.022210826984070172
2024-03-01,E,Google_Discovery,1.075912960526008,0.09443333333333337,0.28361722834158953
2024-03-01,E,Google_Mobile,1.075912960526008,0.09063333333333334,0.09681355107697395
2024-03-01,E,Google_Mobile_Brand,1.075912960526008,0.08603333333333334,0.09199962355486309
2024-03-01,E,Google_Pmax,1.075912960526008,0.06893333333333333,0.07413877257500052
2024-03-01,E,Google_UAC_Android,1.075912960526008,0.09973333333333333,0.10621191873569333
2024-03-01,E,Google_UAC_iOS,1.075912960526008,0.07953333333333333,0.08528699132890043
2024-03-01,E,Hopper,1.075912960526008,0.023366666666666664,0.025221494103526726
2024-03-01,E,Kayak_Afterclick,1.075912960526008,,
2024-03-01,E,Kayak_Desktop,1.075912960526008,0.0074333333333333335,0.008043762003509647
2024-03-01,E,Kayak_Desktop_Carousel,1.075912960526008,0.06983333333333333,0.07483585311433098
2024-03-01,E,Kayak_Desktop_Compare,1.075912960526008,0.04683333333333334,0.05052321012479527
2024-03-01,E,Kayak_Desktop_Core,1.075912960526008,0.015166666666666667,0.016400897222683706
2024-03-01,E,Kayak_Desktop_Front_Door,1.075912960526008,0.012033333333333335,0.013168989036115072
2024-03-01,E,Kayak_Mobile,1.075912960526008,0.05013333333333333,0.053887996210388894
2024-03-01,E,Kayak_Mobile_Core,1.075912960526008,0.07686666666666667,0.0825157641305188
2024-03-01,E,Mediaalpha,1.075912960526008,0.02076666666666667,0.022454383312640998
2024-03-01,E,Microsoft_Desktop,1.075912960526008,0.044033333333333334,0.047359448315269004
2024-03-01,E,Microsoft_Desktop_Brand,1.075912960526008,0.03306666666666667,0.03561029558327437
2024-03-01,E,Microsoft_Mobile_Brand,1.075912960526008,0.06146666666666667,0.06334462909907165
2024-03-01,E,Moloco,1.075912960526008,,
2024-03-01,E,Other_Goals,1.075912960526008,0.04456666666666667,0.04817462812451724
2024-03-01,E,Paid_Other,1.075912960526008,0.062266666666666665,0.06688507661145869
2024-03-01,E,Pinterest,1.075912960526008,0.03256666666666667,0.03511351061338141
2024-03-01,E,Reddit,1.075912960526008,0.0381,0.04246032063780676
2024-03-01,E,Snapchat,1.075912960526008,0.09773333333333334,0.10444307127382906
2024-03-01,E,Tiktok,1.075912960526008,0.157,0.16547818870059575
2024-03-01,E,Youtube_Test,1.075912960526008,0.0197,0.02123404991722788
2024-01-01,F,Apple,1.1759318597868929,0.08716666666666667,0.10102464271347328
2024-01-01,F,Apple_Brand,1.1759318597868929,0.07959999999999999,0.09261603033292098
2024-01-01,F,Autorental_Desktop,1.1759318597868929,0.0024000000000000046,0.0028203121099441733
2024-01-01,F,Autorental_Mobile,1.1759318597868929,0.024899999999999995,0.028806811258518004
2024-01-01,F,Brand_Other,1.1759318597868929,0.0782,0.09098270321780955
2024-01-01,F,Delta,1.1759318597868929,0.0041333333333333335,0.00497879319657212
2024-01-01,F,Expedia,1.1759318597868929,0.017699999999999994,0.0212328097604505
2024-01-01,F,Facebook/IG_App,1.1759318597868929,0.0429,0.050485752990020984
2024-01-01,F,Facebook/IG_Web,1.1759318597868929,0.012233333333333332,0.01499463630863927
2024-01-01,F,Free_Google,1.1759318597868929,0.042966666666666674,0.05082770673441489
2024-01-01,F,Free_Microsoft,1.1759318597868929,0.02566666666666667,0.03068756874141337
2024-01-01,F,Free_Other,1.1759318597868929,0.0564,0.06627388433321257
2024-01-01,F,Google_Desktop,1.1759318597868929,0.0194,0.02323004696138802
2024-01-01,F,Google_Desktop_Brand,1.1759318597868929,0.015366666666666667,0.018442284663857427
2024-01-01,F,Google_Discovery,1.1759318597868929,0.33793333333333336,0.35604112321612574
2024-01-01,F,Google_Mobile,1.1759318597868929,0.07223333333333333,0.08393668080394642
2024-01-01,F,Google_Mobile_Brand,1.1759318597868929,0.07026666666666666,0.08184112483614633
2024-01-01,F,Google_Pmax,1.1759318597868929,0.0585,0.06853303581346945
2024-01-01,F,Google_UAC_Android,1.1759318597868929,0.09516666666666666,0.10979383308070464
2024-01-01,F,Google_UAC_iOS,1.1759318597868929,0.04850000000000001,0.056638944340478656
2024-01-01,F,Hopper,1.1759318597868929,0.061733333333333335,0.07500338484043384
2024-01-01,F,Kayak_Desktop,1.1759318597868929,0.0069,0.008336458707173951
2024-01-01,F,Kayak_Desktop_Carousel,1.1759318597868929,0.08356666666666666,0.09756073142646307
2024-01-01,F,Kayak_Desktop_Compare,1.1759318597868929,0.023966666666666664,0.02861996056650573
2024-01-01,F,Kayak_Desktop_Core,1.1759318597868929,0.009566666666666666,0.011491651966080133
2024-01-01,F,Kayak_Desktop_Front_Door,1.1759318597868929,0.008266666666666667,0.010073572698023963
2024-01-01,F,Kayak_Mobile,1.1759318597868929,0.0588,0.06924683385823933
2024-01-01,F,Kayak_Mobile_Core,1.1759318597868929,0.05023333333333333,0.05894665771266923
2024-01-01,F,Kayak_Mobile_Front_Door,1.1759318597868929,0.0171,0.020482453581877825
2024-01-01,F,Mediaalpha,1.1759318597868929,0.03286666666666666,0.03900330369770023
2024-01-01,F,Microsoft_Desktop,1.1759318597868929,0.024333333333333332,0.02899226065788001
2024-01-01,F,Microsoft_Desktop_Brand,1.1759318597868929,0.02193333333333333,0.026201715253952727
2024-01-01,F,Microsoft_Mobile_Brand,1.1759318597868929,0.02993333333333333,0.03694334411563297
2024-01-01,F,Other_Goals,1.1759318597868929,0.04196666666666666,0.04952462277720869
2024-01-01,F,Paid_Other,1.1759318597868929,0.0492,0.05782336387943249
2024-01-01,F,Pinterest,1.1759318597868929,0.03513333333333333,0.039041399985057276
2024-01-01,F,Reddit,1.1759318597868929,0.0318,0.03749441994090419
2024-01-01,F,Snapchat,1.1759318597868929,0.07776666666666666,0.08975343579735277
2024-01-01,F,Tiktok,1.1759318597868929,0.14339999999999997,0.16317529819716017
2024-01-01,F,Youtube_Test,1.1759318597868929,0.03103333333333333,0.03578127958953063
2024-02-01,F,Apple,1.2247414999066943,0.08819999999999999,0.10682325495161392
2024-02-01,F,Apple_Brand,1.2247414999066943,0.08360000000000001,0.10126656164413454
2024-02-01,F,Autorental_Desktop,1.2247414999066943,0.0031000000000000042,0.00378733433613597
2024-02-01,F,Autorental_Mobile,1.2247414999066943,0.0291,0.0354391040044924
2024-02-01,F,Brand_Other,1.2247414999066943,0.081,0.09791667937908104
2024-02-01,F,Delta,1.2247414999066943,0.007333333333333334,0.009011911552118534
2024-02-01,F,Expedia,1.2247414999066943,0.02133333333333333,0.026160970591917274
2024-02-01,F,Facebook/IG_App,1.2247414999066943,0.0463,0.05712130961293099
2024-02-01,F,Facebook/IG_Web,1.2247414999066943,0.027,0.03107120821177535
2024-02-01,F,Free_Google,1.2247414999066943,0.044533333333333334,0.05476383585367704
2024-02-01,F,Free_Microsoft,1.2247414999066943,0.024433333333333335,0.030070537878637178
2024-02-01,F,Free_Other,1.2247414999066943,0.059133333333333336,0.0724692548572083
2024-02-01,F,Google_Desktop,1.2247414999066943,0.020433333333333335,0.02527163054749924
2024-02-01,F,Google_Desktop_Brand,1.2247414999066943,0.01643333333333333,0.02034241785430209
2024-02-01,F,Google_Discovery,1.2247414999066943,0.22889999999999996,0.27510001384875976
2024-02-01,F,Google_Mobile,1.2247414999066943,0.07873333333333332,0.09551428831339638
2024-02-01,F,Google_Mobile_Brand,1.2247414999066943,0.07493333333333334,0.09099565276977875
2024-02-01,F,Google_Pmax,1.2247414999066943,0.05673333333333334,0.06954853090104318
2024-02-01,F,Google_UAC_Android,1.2247414999066943,0.10656666666666666,0.12844187893682155
2024-02-01,F,Google_UAC_iOS,1.2247414999066943,0.0636,0.0777088673716506
2024-02-01,F,Hopper,1.2247414999066943,0.03706666666666667,0.04478714130977906
2024-02-01,F,Kayak_Desktop,1.2247414999066943,0.007933333333333332,0.009791761282684592
2024-02-01,F,Kayak_Desktop_Carousel,1.2247414999066943,0.08453333333333334,0.10292028054990777
2024-02-01,F,Kayak_Desktop_Compare,1.2247414999066943,0.0258,0.03172048942849078
2024-02-01,F,Kayak_Desktop_Core,1.2247414999066943,0.008833333333333334,0.01088893142393038
2024-02-01,F,Kayak_Desktop_Front_Door,1.2247414999066943,0.007100000000000001,0.008893705507983296
2024-02-01,F,Kayak_Mobile,1.2247414999066943,0.0544,0.06652272404646899
2024-02-01,F,Kayak_Mobile_Core,1.2247414999066943,0.05123333333333333,0.06264442407878953
2024-02-01,F,Mediaalpha,1.2247414999066943,0.03866666666666666,0.04754324003649536
2024-02-01,F,Microsoft_Desktop,1.2247414999066943,0.026333333333333334,0.032324385436297676
2024-02-01,F,Microsoft_Desktop_Brand,1.2247414999066943,0.021599999999999998,0.02653520324957374
2024-02-01,F,Microsoft_Mobile,1.2247414999066943,0.0692,0.09655391874632709
2024-02-01,F,Other_Goals,1.2247414999066943,0.0441,0.05436714585614087
2024-02-01,F,Paid_Other,1.2247414999066943,0.05279999999999999,0.0647072388989093
2024-02-01,F,Pinterest,1.2247414999066943,0.03596666666666667,0.043276641234470524
2024-02-01,F,Reddit,1.2247414999066943,0.036,0.04424122815861188
2024-02-01,F,Snapchat,1.2247414999066943,0.08733333333333333,0.10604816911245635
2024-02-01,F,Tiktok,1.2247414999066943,0.16069999999999998,0.19017519473586245
2024-03-01,F,Apple,1.083872951536493,0.09233333333333332,0.09944314488336975
2024-03-01,F,Apple_Brand,1.083872951536493,0.09133333333333334,0.09832761843560814
2024-03-01,F,Autorental_Desktop,1.083872951536493,0.0021000000000000046,0.0022776833857061475
2024-03-01,F,Autorental_Mobile,1.083872951536493,0.0463,0.05032989123627411
2024-03-01,F,Brand_Other,1.083872951536493,0.08936666666666666,0.09584714690637373
2024-03-01,F,Expedia,1.083872951536493,0.02783333333333333,0.03024549929847972
2024-03-01,F,Facebook/IG_App,1.083872951536493,0.0516,0.05618934006241492
2024-03-01,F,Facebook/IG_Web,1.083872951536493,0.04993333333333333,0.051010146083107104
2024-03-01,F,Free_Google,1.083872951536493,0.049100000000000005,0.05335532306736701
2024-03-01,F,Free_Microsoft,1.083872951536493,0.027466666666666667,0.02988121774387579
2024-03-01,F,Free_Other,1.083872951536493,0.06443333333333333,0.06988006169032915
2024-03-01,F,Google_Desktop,1.083872951536493,0.021233333333333337,0.023151518303096013
2024-03-01,F,Google_Desktop_Brand,1.083872951536493,0.016566666666666667,0.01808203232985122
2024-03-01,F,Google_Mobile,1.083872951536493,0.08679999999999999,0.09340479288945665
2024-03-01,F,Google_Mobile_Brand,1.083872951536493,0.08109999999999999,0.08736578712072915
2024-03-01,F,Google_Pmax,1.083872951536493,0.0644,0.06977554200104495
2024-03-01,F,Google_UAC_Android,1.083872951536493,0.11493333333333333,0.12330485074021755
2024-03-01,F,Google_UAC_iOS,1.083872951536493,0.09830000000000001,0.10619116041649887
2024-03-01,F,Hopper,1.083872951536493,0.031100000000000006,0.033817046558510123
2024-03-01,F,Kayak_Desktop,1.083872951536493,0.008899999999999998,0.009702124649786276
2024-03-01,F,Kayak_Desktop_Carousel,1.083872951536493,0.0793,0.08560938318660836
2024-03-01,F,Kayak_Desktop_Compare,1.083872951536493,0.028633333333333334,0.03111780935477569
2024-03-01,F,Kayak_Desktop_Core,1.083872951536493,0.007666666666666666,0.00835190000103049
2024-03-01,F,Kayak_Desktop_Front_Door,1.083872951536493,0.0045000000000000005,0.00496112582727767
2024-03-01,F,Kayak_Mobile,1.083872951536493,0.06203333333333333,0.06717254627189326
2024-03-01,F,Kayak_Mobile_Core,1.083872951536493,0.06910000000000001,0.07472710614630018
2024-03-01,F,Kayak_Mobile_Front_Door,1.083872951536493,0.0153,0.021027742311791896
2024-03-01,F,Mediaalpha,1.083872951536493,0.039733333333333336,0.043280331665188965
2024-03-01,F,Microsoft_Desktop,1.083872951536493,0.029366666666666666,0.0318185925138194
2024-03-01,F,Microsoft_Desktop_Brand,1.083872951536493,0.022466666666666663,0.024373900970015315
2024-03-01,F,Microsoft_Mobile,1.083872951536493,0.13183333333333333,0.12533600117220278
2024-03-01,F,Microsoft_Mobile_Brand,1.083872951536493,0.0268,0.027823141788669098
2024-03-01,F,Moloco,1.083872951536493,,
2024-03-01,F,Other_Goals,1.083872951536493,0.052366666666666666,0.057024881045795645
2024-03-01,F,Paid_Other,1.083872951536493,0.06303333333333333,0.06820954070107495
2024-03-01,F,Pinterest,1.083872951536493,0.03866666666666666,0.04199899679788764
2024-03-01,F,Reddit,1.083872951536493,0.020033333333333334,0.02249120636329409
2024-03-01,F,Snapchat,1.083872951536493,0.10343333333333334,0.11135216958762865
2024-03-01,F,Tiktok,1.083872951536493,0.15489999999999998,0.16447267777931113
2024-03-01,F,Youtube_Test,1.083872951536493,0.03136666666666666,0.03405933905014969
2024-01-01,NA,Apple,1.1347390546672442,0.03413333333333333,0.03817415495296202
2024-01-01,NA,Apple_Brand,1.1347390546672442,0.026366666666666667,0.029603439234939535
2024-01-01,NA,Autorental_Desktop,1.1347390546672442,0.19299999999999998,0.21885530833759642
2024-01-01,NA,Autorental_Mobile,1.1347390546672442,0.14883333333333335,0.16615365299203985
2024-01-01,NA,Brand_Other,1.1347390546672442,0.02703333333333333,0.030350477488046035
2024-01-01,NA,Capital_One,1.1347390546672442,0.021566666666666668,0.025126837198534025
2024-01-01,NA,Delta,1.1347390546672442,0.031900000000000005,0.03707901472678973
2024-01-01,NA,Expedia,1.1347390546672442,0.03236666666666667,0.0374667500330553
2024-01-01,NA,Facebook/IG_App,1.1347390546672442,0.0327,0.03713412063859002
2024-01-01,NA,Free_Google,1.1347390546672442,0.033400000000000006,0.03812669542282103
2024-01-01,NA,Free_Microsoft,1.1347390546672442,0.028300000000000002,0.03265075985982596
2024-01-01,NA,Free_Other,1.1347390546672442,0.02996666666666667,0.03397939201736537
2024-01-01,NA,Google_Desktop,1.1347390546672442,0.037200000000000004,0.0429838332836961
2024-01-01,NA,Google_Desktop_Brand,1.1347390546672442,0.0339,0.039259846223139466
2024-01-01,NA,Google_Mobile,1.1347390546672442,0.0331,0.037115556278529076
2024-01-01,NA,Google_Mobile_Brand,1.1347390546672442,0.02713333333333333,0.03049574401854487
2024-01-01,NA,Google_Pmax,1.1347390546672442,0.03436666666666666,0.038850387967454145
2024-01-01,NA,Google_UAC_Android,1.1347390546672442,0.03916666666666666,0.04360372045469181
2024-01-01,NA,Google_UAC_iOS,1.1347390546672442,0.034333333333333334,0.038690400650165435
2024-01-01,NA,Hopper,1.1347390546672442,0.0296,0.034702973772916035
2024-01-01,NA,Kayak_Desktop,1.1347390546672442,0.03286666666666666,0.03831792810367511
2024-01-01,NA,Kayak_Desktop_Carousel,1.1347390546672442,0.0266,0.029966598590766516
2024-01-01,NA,Kayak_Desktop_Compare,1.1347390546672442,0.04073333333333334,0.04693806607258468
2024-01-01,NA,Kayak_Desktop_Core,1.1347390546672442,0.05079999999999999,0.05888428150396776
2024-01-01,NA,Kayak_Desktop_Front_Door,1.1347390546672442,0.0239,0.02810378699656793
2024-01-01,NA,Kayak_Mobile,1.1347390546672442,0.026733333333333335,0.03038012483090111
2024-01-01,NA,Kayak_Mobile_Core,1.1347390546672442,0.04643333333333333,0.05257882724353346
2024-01-01,NA,Mediaalpha,1.1347390546672442,0.05386666666666665,0.06168501597475703
2024-01-01,NA,Microsoft_Desktop,1.1347390546672442,0.0331,0.038055927790885784
2024-01-01,NA,Microsoft_Desktop_Brand,1.1347390546672442,0.0336,0.03873273874897628
2024-01-01,NA,Microsoft_Mobile_Brand,1.1347390546672442,0.045533333333333335,0.05422810313470599
2024-01-01,NA,Other_Goals,1.1347390546672442,0.04133333333333333,0.047068567030284864
2024-01-01,NA,Paid_Other,1.1347390546672442,0.047066666666666666,0.05337839828059252
2024-01-01,NA,Pinterest,1.1347390546672442,0.03093333333333333,0.03317008568417707
2024-01-01,NA,Snapchat,1.1347390546672442,0.030399999999999996,0.03385673135153697
2024-01-01,NA,Tiktok,1.1347390546672442,0.015066666666666667,0.01654383877860064
2024-01-01,NA,Youtube_Test,1.1347390546672442,0.0821,0.09134492925133843
2024-02-01,NA,Apple,1.0439364865313332,0.033666666666666664,0.034755775536370534
2024-02-01,NA,Apple_Brand,1.0439364865313332,0.027500000000000007,0.028393708777133667
2024-02-01,NA,Autorental_Desktop,1.0439364865313332,0.20740000000000003,0.21597841329885212
2024-02-01,NA,Autorental_Mobile,1.0439364865313332,0.1425,0.14792250453445135
2024-02-01,NA,Brand_Other,1.0439364865313332,0.04043333333333333,0.04166207026620954
2024-02-01,NA,Delta,1.0439364865313332,0.025666666666666667,0.026885282724381183
2024-02-01,NA,Expedia,1.0439364865313332,0.03496666666666667,0.03654929545417471
2024-02-01,NA,Facebook/IG_App,1.0439364865313332,0.0342,0.035964407824333376
2024-02-01,NA,Facebook/IG_Web,1.0439364865313332,0.06776666666666666,0.06647221395524971
2024-02-01,NA,Free_Google,1.0439364865313332,0.03546666666666667,0.03717565873179864
2024-02-01,NA,Free_Microsoft,1.0439364865313332,0.026766666666666664,0.028079049985511126
2024-02-01,NA,Free_Other,1.0439364865313332,0.03093333333333333,0.03231303860021527
2024-02-01,NA,Google_Desktop,1.0439364865313332,0.03816666666666667,0.04023536253957327
2024-02-01,NA,Google_Desktop_Brand,1.0439364865313332,0.0336,0.03545241517621961
2024-02-01,NA,Google_Mobile,1.0439364865313332,0.035366666666666664,0.03657071720132205
2024-02-01,NA,Google_Mobile_Brand,1.0439364865313332,0.029166666666666664,0.030189924976432587
2024-02-01,NA,Google_Pmax,1.0439364865313332,0.04086666666666667,0.042702029667458515
2024-02-01,NA,Google_UAC_Android,1.0439364865313332,0.04103333333333333,0.042155253920603875
2024-02-01,NA,Google_UAC_iOS,1.0439364865313332,0.03323333333333333,0.034611228125288426
2024-02-01,NA,Hopper,1.0439364865313332,0.06273333333333334,0.0646097138662428
2024-02-01,NA,Kayak_Desktop,1.0439364865313332,0.0415,0.04365991182772096
2024-02-01,NA,Kayak_Desktop_Carousel,1.0439364865313332,0.024466666666666664,0.02539086023698819
2024-02-01,NA,Kayak_Desktop_Compare,1.0439364865313332,0.044300000000000006,0.046425174274751145
2024-02-01,NA,Kayak_Desktop_Core,1.0439364865313332,0.05756666666666666,0.060486905855779635
2024-02-01,NA,Kayak_Desktop_Front_Door,1.0439364865313332,0.025499999999999995,0.027226650680965737
2024-02-01,NA,Kayak_Mobile,1.0439364865313332,0.045533333333333335,0.0474602708826959
2024-02-01,NA,Kayak_Mobile_Core,1.0439364865313332,0.04646666666666666,0.048428494689248015
2024-02-01,NA,Mediaalpha,1.0439364865313332,0.04913333333333333,0.05149415220834936
2024-02-01,NA,Microsoft_Desktop,1.0439364865313332,0.03163333333333334,0.033097793393465684
2024-02-01,NA,Microsoft_Desktop_Brand,1.0439364865313332,0.03916666666666666,0.04101237522284006
2024-02-01,NA,Microsoft_Mobile_Brand,1.0439364865313332,0.06246666666666667,0.06904180129781659
2024-02-01,NA,Other_Goals,1.0439364865313332,0.04146666666666666,0.043573928174439905
2024-02-01,NA,Paid_Other,1.0439364865313332,0.04543333333333333,0.04745950344456252
2024-02-01,NA,Pinterest,1.0439364865313332,0.021,0.021537847360065525
2024-02-01,NA,Reddit,1.0439364865313332,0.005350000000000001,0.00560412867932613
2024-02-01,NA,Snapchat,1.0439364865313332,0.027733333333333332,0.028704821645978148
2024-02-01,NA,Tiktok,1.0439364865313332,0.0236,0.023805627775086664
2024-02-01,NA,Youtube_Test,1.0439364865313332,0.18736666666666668,0.21016104176586148
2024-03-01,NA,Apple,1.0143402940360462,0.031133333333333332,0.03137958943243189
2024-03-01,NA,Apple_Brand,1.0143402940360462,0.027500000000000007,0.02770666192897119
2024-03-01,NA,Autorental_Desktop,1.0143402940360462,0.19486666666666666,0.19779573140644247
2024-03-01,NA,Autorental_Mobile,1.0143402940360462,0.16036666666666669,0.16314148174917928
2024-03-01,NA,Brand_Other,1.0143402940360462,0.04123333333333332,0.04138637369149076
2024-03-01,NA,Capital_One,1.0143402940360462,0.042733333333333325,0.0439110049290796
2024-03-01,NA,Delta,1.0143402940360462,0.036166666666666666,0.03710886560057415
2024-03-01,NA,Expedia,1.0143402940360462,0.03526666666666667,0.03586453876729531
2024-03-01,NA,Facebook/IG_App,1.0143402940360462,0.033299999999999996,0.03393546173780123
2024-03-01,NA,Facebook/IG_Web,1.0143402940360462,0.06899999999999999,0.06596603772910777
2024-03-01,NA,Free_Google,1.0143402940360462,0.0367,0.03732223348898737
2024-03-01,NA,Free_Microsoft,1.0143402940360462,0.027866666666666668,0.028371523511771586
2024-03-01,NA,Free_Other,1.0143402940360462,0.03216666666666666,0.032647808810381006
2024-03-01,NA,Google_Desktop,1.0143402940360462,0.038,0.038774856237260895
2024-03-01,NA,Google_Desktop_Brand,1.0143402940360462,0.03473333333333333,0.035478387358648694
2024-03-01,NA,Google_Mobile,1.0143402940360462,0.035366666666666664,0.03561630528884527
2024-03-01,NA,Google_Mobile_Brand,1.0143402940360462,0.028166666666666663,0.0283962697777505
2024-03-01,NA,Google_Pmax,1.0143402940360462,0.0394,0.03995019216037394
2024-03-01,NA,Google_UAC_Android,1.0143402940360462,0.03793333333333333,0.03808557056441274
2024-03-01,NA,Google_UAC_iOS,1.0143402940360462,0.02563333333333333,0.025914643177251562
2024-03-01,NA,Hopper,1.0143402940360462,0.06316666666666666,0.06427891618414866
2024-03-01,NA,Kayak_Afterclick,1.0143402940360462,,
2024-03-01,NA,Kayak_Desktop,1.0143402940360462,0.04926666666666666,0.05026148572635647
2024-03-01,NA,Kayak_Desktop_Carousel,1.0143402940360462,0.02886666666666667,0.029164203329730444
2024-03-01,NA,Kayak_Desktop_Compare,1.0143402940360462,0.04423333333333334,0.04498752222778271
2024-03-01,NA,Kayak_Desktop_Core,1.0143402940360462,0.05986666666666667,0.06103361327771202
2024-03-01,NA,Kayak_Desktop_Front_Door,1.0143402940360462,0.016999999999999998,0.01753969144638377
2024-03-01,NA,Kayak_Mobile,1.0143402940360462,0.04606666666666667,0.04668300248403924
2024-03-01,NA,Kayak_Mobile_Core,1.0143402940360462,0.0484,0.048983608797681155
2024-03-01,NA,Mediaalpha,1.0143402940360462,0.04783333333333333,0.04876087893152701
2024-03-01,NA,Microsoft_Desktop,1.0143402940360462,0.0406,0.041167798597164275
2024-03-01,NA,Microsoft_Desktop_Brand,1.0143402940360462,0.035333333333333335,0.03587371144223516
2024-03-01,NA,Microsoft_Mobile,1.0143402940360462,0.10163333333333334,0.09042573978701204
2024-03-01,NA,Microsoft_Mobile_Brand,1.0143402940360462,0.04816666666666666,0.04679756614008096
2024-03-01,NA,Moloco,1.0143402940360462,,
2024-03-01,NA,Other_Goals,1.0143402940360462,0.03726666666666666,0.03797828121750445
2024-03-01,NA,Paid_Other,1.0143402940360462,0.04473333333333334,0.045301377875892605
2024-03-01,NA,Pinterest,1.0143402940360462,0.025899999999999996,0.026327355989621985
2024-03-01,NA,Snapchat,1.0143402940360462,0.02803333333333333,0.02824347973838983
2024-03-01,NA,Tiktok,1.0143402940360462,0.027399999999999997,0.027226900720708536
2024-03-01,NA,Youtube_Test,1.0143402940360462,0.22003333333333333,0.22359476160725245
