scenario,forecast_month,month,increments_from_signup,channels,nrpd,final_index,data_volume,forecast_nrpd_by_incre_channel
Sep-24 Forecast (8+4),2024-11-01,2024-09-01,-1,,36.6589266584627,,,
Sep-24 Forecast (8+4),2024-11-01,2024-10-01,0,,36.18494963502679,,,
Sep-24 Forecast (8+4),2024-11-01,2024-11-01,1,Apple,36.52403377072975,1.1168173217043054,473910.5034258321,40.790673573664
Sep-24 Forecast (8+4),2024-11-01,2024-11-01,1,Apple_Brand,36.52403377072975,1.0635038266067454,354991.60153720714,38.84344967828508
Sep-24 Forecast (8+4),2024-11-01,2024-11-01,1,Autorental_Desktop,36.52403377072975,0.995581475560676,149675.6333892578,36.362651434891085
Sep-24 Forecast (8+4),2024-11-01,2024-11-01,1,Autorental_Mobile,36.52403377072975,1.0910768592427547,315201.2726268324,39.85052805344412
Sep-24 Forecast (8+4),2024-11-01,2024-11-01,1,Brand_Other,36.52403377072975,1.0635038266067454,354991.60153720714,38.84344967828508
Sep-24 Forecast (8+4),2024-11-01,2024-11-01,1,Capital_One,36.52403377072975,1.059167390221549,464876.90601443726,38.68506552930755
Sep-24 Forecast (8+4),2024-11-01,2024-11-01,1,Delta,36.52403377072975,1.059167390221549,464876.90601443726,38.68506552930755
Sep-24 Forecast (8+4),2024-11-01,2024-11-01,1,Expedia,36.52403377072975,1.059167390221549,464876.90601443726,38.68506552930755
Sep-24 Forecast (8+4),2024-11-01,2024-11-01,1,Facebook/IG_App,36.52403377072975,1.1168173217043054,473910.5034258321,40.790673573664
Sep-24 Forecast (8+4),2024-11-01,2024-11-01,1,Facebook/IG_Web,36.52403377072975,1.059167390221549,464876.90601443726,38.68506552930755
Sep-24 Forecast (8+4),2024-11-01,2024-11-01,1,Facebook_Retargeting_Test,36.52403377072975,1.0635038266067454,354991.60153720714,38.84344967828508
Sep-24 Forecast (8+4),2024-11-01,2024-11-01,1,Free_Google,36.52403377072975,1.1026104625272417,597475.2922083725,40.27178176930493
Sep-24 Forecast (8+4),2024-11-01,2024-11-01,1,Free_Microsoft,36.52403377072975,1.1026104625272417,597475.2922083725,40.27178176930493
Sep-24 Forecast (8+4),2024-11-01,2024-11-01,1,Free_Other,36.52403377072975,1.1026104625272417,597475.2922083725,40.27178176930493
Sep-24 Forecast (8+4),2024-11-01,2024-11-01,1,Google_Desktop,36.52403377072975,1.0917091629126072,25355.437010889338,39.873622334035176
Sep-24 Forecast (8+4),2024-11-01,2024-11-01,1,Google_Desktop_Brand,36.52403377072975,0.981820166715983,32228.595541096776,35.86003292591808
Sep-24 Forecast (8+4),2024-11-01,2024-11-01,1,Google_Discovery,36.52403377072975,0.995581475560676,149675.6333892578,36.362651434891085
Sep-24 Forecast (8+4),2024-11-01,2024-11-01,1,Google_Mobile,36.52403377072975,1.0798738116315643,78028.98744307092,39.44134756415791
Sep-24 Forecast (8+4),2024-11-01,2024-11-01,1,Google_Mobile_Brand,36.52403377072975,1.0188340133756952,51378.77481157707,37.21192791130202
Sep-24 Forecast (8+4),2024-11-01,2024-11-01,1,Google_Pmax,36.52403377072975,1.2525318393484974,20648.331870112128,45.74751519927877
Sep-24 Forecast (8+4),2024-11-01,2024-11-01,1,Google_UAC_Android,36.52403377072975,1.0235949469130052,6435.386548161657,37.38581640859893
Sep-24 Forecast (8+4),2024-11-01,2024-11-01,1,Google_UAC_iOS,36.52403377072975,1.1168173217043054,473910.5034258321,40.790673573664
Sep-24 Forecast (8+4),2024-11-01,2024-11-01,1,Hopper,36.52403377072975,1.0910768592427547,315201.2726268324,39.85052805344412
Sep-24 Forecast (8+4),2024-11-01,2024-11-01,1,Kayak_Afterclick,36.52403377072975,1.0635038266067454,354991.60153720714,38.84344967828508
Sep-24 Forecast (8+4),2024-11-01,2024-11-01,1,Kayak_Desktop,36.52403377072975,0.995581475560676,149675.6333892578,36.362651434891085
Sep-24 Forecast (8+4),2024-11-01,2024-11-01,1,Kayak_Desktop_Carousel,36.52403377072975,0.8603647208264048,3646.117529311776,31.423990118608085
Sep-24 Forecast (8+4),2024-11-01,2024-11-01,1,Kayak_Desktop_Compare,36.52403377072975,0.8685440521460606,2368.104625957502,31.72273229194918
Sep-24 Forecast (8+4),2024-11-01,2024-11-01,1,Kayak_Desktop_Core,36.52403377072975,0.7926560043218436,8775.94748498914,28.950994670422723
Sep-24 Forecast (8+4),2024-11-01,2024-11-01,1,Kayak_Desktop_Front_Door,36.52403377072975,0.995581475560676,149675.6333892578,36.362651434891085
Sep-24 Forecast (8+4),2024-11-01,2024-11-01,1,Kayak_Mobile,36.52403377072975,1.0910768592427547,315201.2726268324,39.85052805344412
Sep-24 Forecast (8+4),2024-11-01,2024-11-01,1,Kayak_Mobile_Carousel,36.52403377072975,0.96144139598351,2028.468172285145,35.115718015479274
Sep-24 Forecast (8+4),2024-11-01,2024-11-01,1,Kayak_Mobile_Core,36.52403377072975,0.9091666502107082,7269.643405332624,33.20643343551715
Sep-24 Forecast (8+4),2024-11-01,2024-11-01,1,Kayak_Mobile_Front_Door,36.52403377072975,1.0910768592427547,315201.2726268324,39.85052805344412
Sep-24 Forecast (8+4),2024-11-01,2024-11-01,1,Mediaalpha,36.52403377072975,1.059167390221549,464876.90601443726,38.68506552930755
Sep-24 Forecast (8+4),2024-11-01,2024-11-01,1,Microsoft_Desktop,36.52403377072975,1.0371655263870938,4088.411109200438,37.88146871159891
Sep-24 Forecast (8+4),2024-11-01,2024-11-01,1,Microsoft_Desktop_Brand,36.52403377072975,0.9678128066423405,5358.1325059597575,35.34842763354958
Sep-24 Forecast (8+4),2024-11-01,2024-11-01,1,Microsoft_Mobile,36.52403377072975,1.0910768592427547,315201.2726268324,39.85052805344412
Sep-24 Forecast (8+4),2024-11-01,2024-11-01,1,Microsoft_Mobile_Brand,36.52403377072975,1.0635038266067454,354991.60153720714,38.84344967828508
Sep-24 Forecast (8+4),2024-11-01,2024-11-01,1,Moloco,36.52403377072975,1.0635038266067454,354991.60153720714,38.84344967828508
Sep-24 Forecast (8+4),2024-11-01,2024-11-01,1,Other_Goals,36.52403377072975,1.0635038266067454,354991.60153720714,38.84344967828508
Sep-24 Forecast (8+4),2024-11-01,2024-11-01,1,Paid_Other,36.52403377072975,1.0635038266067454,354991.60153720714,38.84344967828508
Sep-24 Forecast (8+4),2024-11-01,2024-11-01,1,Pinterest,36.52403377072975,1.0635038266067454,354991.60153720714,38.84344967828508
Sep-24 Forecast (8+4),2024-11-01,2024-11-01,1,Reddit,36.52403377072975,1.0635038266067454,354991.60153720714,38.84344967828508
Sep-24 Forecast (8+4),2024-11-01,2024-11-01,1,Snapchat,36.52403377072975,1.1168173217043054,473910.5034258321,40.790673573664
Sep-24 Forecast (8+4),2024-11-01,2024-11-01,1,Taboola,36.52403377072975,1.0635038266067454,354991.60153720714,38.84344967828508
Sep-24 Forecast (8+4),2024-11-01,2024-11-01,1,Tiktok,36.52403377072975,1.1168173217043054,473910.5034258321,40.790673573664
Sep-24 Forecast (8+4),2024-11-01,2024-11-01,1,Twitch,36.52403377072975,1.0635038266067454,354991.60153720714,38.84344967828508
Sep-24 Forecast (8+4),2024-11-01,2024-11-01,1,Youtube_Brand,36.52403377072975,1.0635038266067454,354991.60153720714,38.84344967828508
Sep-24 Forecast (8+4),2024-11-01,2024-11-01,1,Youtube_Test,36.52403377072975,1.0635038266067454,354991.60153720714,38.84344967828508
Sep-24 Forecast (8+4),2024-11-01,2024-12-01,2,Apple,37.61796502216832,0.9795104006368044,473910.5034258321,36.84718799000539
Sep-24 Forecast (8+4),2024-11-01,2024-12-01,2,Apple_Brand,37.61796502216832,0.9327515243841797,354991.60153720714,35.08821421865825
Sep-24 Forecast (8+4),2024-11-01,2024-12-01,2,Autorental_Desktop,37.61796502216832,0.8731798755635823,149675.6333892578,32.84725001701213
Sep-24 Forecast (8+4),2024-11-01,2024-12-01,2,Autorental_Mobile,37.61796502216832,0.9569345950790843,315201.2726268324,35.9979321261878
Sep-24 Forecast (8+4),2024-11-01,2024-12-01,2,Brand_Other,37.61796502216832,0.9327515243841797,354991.60153720714,35.08821421865825
Sep-24 Forecast (8+4),2024-11-01,2024-12-01,2,Capital_One,37.61796502216832,0.9289482304537833,464876.90601443726,34.94514204061557
Sep-24 Forecast (8+4),2024-11-01,2024-12-01,2,Delta,37.61796502216832,0.9289482304537833,464876.90601443726,34.94514204061557
Sep-24 Forecast (8+4),2024-11-01,2024-12-01,2,Expedia,37.61796502216832,0.9289482304537833,464876.90601443726,34.94514204061557
Sep-24 Forecast (8+4),2024-11-01,2024-12-01,2,Facebook/IG_App,37.61796502216832,0.9795104006368044,473910.5034258321,36.84718799000539
Sep-24 Forecast (8+4),2024-11-01,2024-12-01,2,Facebook/IG_Web,37.61796502216832,0.9289482304537833,464876.90601443726,34.94514204061557
Sep-24 Forecast (8+4),2024-11-01,2024-12-01,2,Facebook_Retargeting_Test,37.61796502216832,0.9327515243841797,354991.60153720714,35.08821421865825
Sep-24 Forecast (8+4),2024-11-01,2024-12-01,2,Free_Google,37.61796502216832,0.9670502014136402,597475.2922083725,36.37846065145914
Sep-24 Forecast (8+4),2024-11-01,2024-12-01,2,Free_Microsoft,37.61796502216832,0.9670502014136402,597475.2922083725,36.37846065145914
Sep-24 Forecast (8+4),2024-11-01,2024-12-01,2,Free_Other,37.61796502216832,0.9670502014136402,597475.2922083725,36.37846065145914
Sep-24 Forecast (8+4),2024-11-01,2024-12-01,2,Google_Desktop,37.61796502216832,0.9574891602787323,25355.437010889338,36.01879374047067
Sep-24 Forecast (8+4),2024-11-01,2024-12-01,2,Google_Desktop_Brand,37.61796502216832,0.8611104485608009,32228.595541096776,32.39322273418388
Sep-24 Forecast (8+4),2024-11-01,2024-12-01,2,Google_Discovery,37.61796502216832,0.8731798755635823,149675.6333892578,32.84725001701213
Sep-24 Forecast (8+4),2024-11-01,2024-12-01,2,Google_Mobile,37.61796502216832,0.9471089043051945,78028.98744307092,35.628309634336965
Sep-24 Forecast (8+4),2024-11-01,2024-12-01,2,Google_Mobile_Brand,37.61796502216832,0.8935736339593195,51378.77481157707,33.61442170701352
Sep-24 Forecast (8+4),2024-11-01,2024-12-01,2,Google_Pmax,37.61796502216832,1.098539519335493,20648.331870112128,41.32482121383217
Sep-24 Forecast (8+4),2024-11-01,2024-12-01,2,Google_UAC_Android,37.61796502216832,0.8977492353096095,6435.386548161657,33.771499332555244
Sep-24 Forecast (8+4),2024-11-01,2024-12-01,2,Google_UAC_iOS,37.61796502216832,0.9795104006368044,473910.5034258321,36.84718799000539
Sep-24 Forecast (8+4),2024-11-01,2024-12-01,2,Hopper,37.61796502216832,0.9569345950790843,315201.2726268324,35.9979321261878
Sep-24 Forecast (8+4),2024-11-01,2024-12-01,2,Kayak_Afterclick,37.61796502216832,0.9327515243841797,354991.60153720714,35.08821421865825
Sep-24 Forecast (8+4),2024-11-01,2024-12-01,2,Kayak_Desktop,37.61796502216832,0.8731798755635823,149675.6333892578,32.84725001701213
Sep-24 Forecast (8+4),2024-11-01,2024-12-01,2,Kayak_Desktop_Carousel,37.61796502216832,0.7545873223961076,3646.117529311776,28.386039500068424
Sep-24 Forecast (8+4),2024-11-01,2024-12-01,2,Kayak_Desktop_Compare,37.61796502216832,0.761761047178269,2368.104625957502,28.655900428002433
Sep-24 Forecast (8+4),2024-11-01,2024-12-01,2,Kayak_Desktop_Core,37.61796502216832,0.6952030428536149,8775.94748498914,26.15212374937227
Sep-24 Forecast (8+4),2024-11-01,2024-12-01,2,Kayak_Desktop_Front_Door,37.61796502216832,0.8731798755635823,149675.6333892578,32.84725001701213
Sep-24 Forecast (8+4),2024-11-01,2024-12-01,2,Kayak_Mobile,37.61796502216832,0.9569345950790843,315201.2726268324,35.9979321261878
Sep-24 Forecast (8+4),2024-11-01,2024-12-01,2,Kayak_Mobile_Carousel,37.61796502216832,0.8432371424285242,2028.468172285145,31.72086532926939
Sep-24 Forecast (8+4),2024-11-01,2024-12-01,2,Kayak_Mobile_Core,37.61796502216832,0.7973893066365745,7269.643405332624,29.996163046105707
Sep-24 Forecast (8+4),2024-11-01,2024-12-01,2,Kayak_Mobile_Front_Door,37.61796502216832,0.9569345950790843,315201.2726268324,35.9979321261878
Sep-24 Forecast (8+4),2024-11-01,2024-12-01,2,Mediaalpha,37.61796502216832,0.9289482304537833,464876.90601443726,34.94514204061557
Sep-24 Forecast (8+4),2024-11-01,2024-12-01,2,Microsoft_Desktop,37.61796502216832,0.9096513821327382,4088.411109200438,34.219233875436416
Sep-24 Forecast (8+4),2024-11-01,2024-12-01,2,Microsoft_Desktop_Brand,37.61796502216832,0.8488252210567541,5358.1325059597575,31.931077475647268
Sep-24 Forecast (8+4),2024-11-01,2024-12-01,2,Microsoft_Mobile,37.61796502216832,0.9569345950790843,315201.2726268324,35.9979321261878
Sep-24 Forecast (8+4),2024-11-01,2024-12-01,2,Microsoft_Mobile_Brand,37.61796502216832,0.9327515243841797,354991.60153720714,35.08821421865825
Sep-24 Forecast (8+4),2024-11-01,2024-12-01,2,Moloco,37.61796502216832,0.9327515243841797,354991.60153720714,35.08821421865825
Sep-24 Forecast (8+4),2024-11-01,2024-12-01,2,Other_Goals,37.61796502216832,0.9327515243841797,354991.60153720714,35.08821421865825
Sep-24 Forecast (8+4),2024-11-01,2024-12-01,2,Paid_Other,37.61796502216832,0.9327515243841797,354991.60153720714,35.08821421865825
Sep-24 Forecast (8+4),2024-11-01,2024-12-01,2,Pinterest,37.61796502216832,0.9327515243841797,354991.60153720714,35.08821421865825
Sep-24 Forecast (8+4),2024-11-01,2024-12-01,2,Reddit,37.61796502216832,0.9327515243841797,354991.60153720714,35.08821421865825
Sep-24 Forecast (8+4),2024-11-01,2024-12-01,2,Snapchat,37.61796502216832,0.9795104006368044,473910.5034258321,36.84718799000539
Sep-24 Forecast (8+4),2024-11-01,2024-12-01,2,Taboola,37.61796502216832,0.9327515243841797,354991.60153720714,35.08821421865825
Sep-24 Forecast (8+4),2024-11-01,2024-12-01,2,Tiktok,37.61796502216832,0.9795104006368044,473910.5034258321,36.84718799000539
Sep-24 Forecast (8+4),2024-11-01,2024-12-01,2,Twitch,37.61796502216832,0.9327515243841797,354991.60153720714,35.08821421865825
Sep-24 Forecast (8+4),2024-11-01,2024-12-01,2,Youtube_Brand,37.61796502216832,0.9327515243841797,354991.60153720714,35.08821421865825
Sep-24 Forecast (8+4),2024-11-01,2024-12-01,2,Youtube_Test,37.61796502216832,0.9327515243841797,354991.60153720714,35.08821421865825
Sep-24 Forecast (8+4),2024-11-01,2025-01-01,3,Apple,35.495210107159245,0.9717976640818681,473910.5034258321,34.49416226823247
Sep-24 Forecast (8+4),2024-11-01,2025-01-01,3,Apple_Brand,35.495210107159245,0.9254069706417045,354991.60153720714,32.84751485755705
Sep-24 Forecast (8+4),2024-11-01,2025-01-01,3,Autorental_Desktop,35.495210107159245,0.8663043933421423,149675.6333892578,30.749656458434465
Sep-24 Forecast (8+4),2024-11-01,2025-01-01,3,Autorental_Mobile,35.495210107159245,0.9493996220687403,315201.2726268324,33.69913906098752
Sep-24 Forecast (8+4),2024-11-01,2025-01-01,3,Brand_Other,35.495210107159245,0.9254069706417045,354991.60153720714,32.84751485755705
Sep-24 Forecast (8+4),2024-11-01,2025-01-01,3,Capital_One,35.495210107159245,0.9216336241259624,464876.90601443726,32.71357913017366
Sep-24 Forecast (8+4),2024-11-01,2025-01-01,3,Delta,35.495210107159245,0.9216336241259624,464876.90601443726,32.71357913017366
Sep-24 Forecast (8+4),2024-11-01,2025-01-01,3,Expedia,35.495210107159245,0.9216336241259624,464876.90601443726,32.71357913017366
Sep-24 Forecast (8+4),2024-11-01,2025-01-01,3,Facebook/IG_App,35.495210107159245,0.9717976640818681,473910.5034258321,34.49416226823247
Sep-24 Forecast (8+4),2024-11-01,2025-01-01,3,Facebook/IG_Web,35.495210107159245,0.9216336241259624,464876.90601443726,32.71357913017366
Sep-24 Forecast (8+4),2024-11-01,2025-01-01,3,Facebook_Retargeting_Test,35.495210107159245,0.9254069706417045,354991.60153720714,32.84751485755705
Sep-24 Forecast (8+4),2024-11-01,2025-01-01,3,Free_Google,35.495210107159245,0.9594355773789669,597475.2922083725,34.05536740335007
Sep-24 Forecast (8+4),2024-11-01,2025-01-01,3,Free_Microsoft,35.495210107159245,0.9594355773789669,597475.2922083725,34.05536740335007
Sep-24 Forecast (8+4),2024-11-01,2025-01-01,3,Free_Other,35.495210107159245,0.9594355773789669,597475.2922083725,34.05536740335007
Sep-24 Forecast (8+4),2024-11-01,2025-01-01,3,Google_Desktop,35.495210107159245,0.9499498205814347,25355.437010889338,33.71866847279625
Sep-24 Forecast (8+4),2024-11-01,2025-01-01,3,Google_Desktop_Brand,35.495210107159245,0.8543300018905718,32228.595541096776,30.3246229179556
Sep-24 Forecast (8+4),2024-11-01,2025-01-01,3,Google_Discovery,35.495210107159245,0.8663043933421423,149675.6333892578,30.749656458434465
Sep-24 Forecast (8+4),2024-11-01,2025-01-01,3,Google_Mobile,35.495210107159245,0.939651299502845,78028.98744307092,33.353120303318704
Sep-24 Forecast (8+4),2024-11-01,2025-01-01,3,Google_Mobile_Brand,35.495210107159245,0.8865375697922778,51378.77481157707,31.467837307667253
Sep-24 Forecast (8+4),2024-11-01,2025-01-01,3,Google_Pmax,35.495210107159245,1.089889538791833,20648.331870112128,38.685858173011
Sep-24 Forecast (8+4),2024-11-01,2025-01-01,3,Google_UAC_Android,35.495210107159245,0.8906802921520514,6435.386548161657,31.614884108243043
Sep-24 Forecast (8+4),2024-11-01,2025-01-01,3,Google_UAC_iOS,35.495210107159245,0.9717976640818681,473910.5034258321,34.49416226823247
Sep-24 Forecast (8+4),2024-11-01,2025-01-01,3,Hopper,35.495210107159245,0.9493996220687403,315201.2726268324,33.69913906098752
Sep-24 Forecast (8+4),2024-11-01,2025-01-01,3,Kayak_Afterclick,35.495210107159245,0.9254069706417045,354991.60153720714,32.84751485755705
Sep-24 Forecast (8+4),2024-11-01,2025-01-01,3,Kayak_Desktop,35.495210107159245,0.8663043933421423,149675.6333892578,30.749656458434465
Sep-24 Forecast (8+4),2024-11-01,2025-01-01,3,Kayak_Desktop_Carousel,35.495210107159245,0.7486456466144598,3646.117529311776,26.57333452239034
Sep-24 Forecast (8+4),2024-11-01,2025-01-01,3,Kayak_Desktop_Compare,35.495210107159245,0.7557628849628614,2368.104625957502,26.825962392949588
Sep-24 Forecast (8+4),2024-11-01,2025-01-01,3,Kayak_Desktop_Core,35.495210107159245,0.6897289632335984,8775.94748498914,24.482074466969692
Sep-24 Forecast (8+4),2024-11-01,2025-01-01,3,Kayak_Desktop_Front_Door,35.495210107159245,0.8663043933421423,149675.6333892578,30.749656458434465
Sep-24 Forecast (8+4),2024-11-01,2025-01-01,3,Kayak_Mobile,35.495210107159245,0.9493996220687403,315201.2726268324,33.69913906098752
Sep-24 Forecast (8+4),2024-11-01,2025-01-01,3,Kayak_Mobile_Carousel,35.495210107159245,0.83659743147838,2028.468172285145,29.695201605434857
Sep-24 Forecast (8+4),2024-11-01,2025-01-01,3,Kayak_Mobile_Core,35.495210107159245,0.7911106048996528,7269.643405332624,28.08063713891502
Sep-24 Forecast (8+4),2024-11-01,2025-01-01,3,Kayak_Mobile_Front_Door,35.495210107159245,0.9493996220687403,315201.2726268324,33.69913906098752
Sep-24 Forecast (8+4),2024-11-01,2025-01-01,3,Mediaalpha,35.495210107159245,0.9216336241259624,464876.90601443726,32.71357913017366
Sep-24 Forecast (8+4),2024-11-01,2025-01-01,3,Microsoft_Desktop,35.495210107159245,0.9024887206003418,4088.411109200438,32.03402675705047
Sep-24 Forecast (8+4),2024-11-01,2025-01-01,3,Microsoft_Desktop_Brand,35.495210107159245,0.842141509166671,5358.1325059597575,29.89198980783116
Sep-24 Forecast (8+4),2024-11-01,2025-01-01,3,Microsoft_Mobile,35.495210107159245,0.9493996220687403,315201.2726268324,33.69913906098752
Sep-24 Forecast (8+4),2024-11-01,2025-01-01,3,Microsoft_Mobile_Brand,35.495210107159245,0.9254069706417045,354991.60153720714,32.84751485755705
Sep-24 Forecast (8+4),2024-11-01,2025-01-01,3,Moloco,35.495210107159245,0.9254069706417045,354991.60153720714,32.84751485755705
Sep-24 Forecast (8+4),2024-11-01,2025-01-01,3,Other_Goals,35.495210107159245,0.9254069706417045,354991.60153720714,32.84751485755705
Sep-24 Forecast (8+4),2024-11-01,2025-01-01,3,Paid_Other,35.495210107159245,0.9254069706417045,354991.60153720714,32.84751485755705
Sep-24 Forecast (8+4),2024-11-01,2025-01-01,3,Pinterest,35.495210107159245,0.9254069706417045,354991.60153720714,32.84751485755705
Sep-24 Forecast (8+4),2024-11-01,2025-01-01,3,Reddit,35.495210107159245,0.9254069706417045,354991.60153720714,32.84751485755705
Sep-24 Forecast (8+4),2024-11-01,2025-01-01,3,Snapchat,35.495210107159245,0.9717976640818681,473910.5034258321,34.49416226823247
Sep-24 Forecast (8+4),2024-11-01,2025-01-01,3,Taboola,35.495210107159245,0.9254069706417045,354991.60153720714,32.84751485755705
Sep-24 Forecast (8+4),2024-11-01,2025-01-01,3,Tiktok,35.495210107159245,0.9717976640818681,473910.5034258321,34.49416226823247
Sep-24 Forecast (8+4),2024-11-01,2025-01-01,3,Twitch,35.495210107159245,0.9254069706417045,354991.60153720714,32.84751485755705
Sep-24 Forecast (8+4),2024-11-01,2025-01-01,3,Youtube_Brand,35.495210107159245,0.9254069706417045,354991.60153720714,32.84751485755705
Sep-24 Forecast (8+4),2024-11-01,2025-01-01,3,Youtube_Test,35.495210107159245,0.9254069706417045,354991.60153720714,32.84751485755705
Sep-24 Forecast (8+4),2024-11-01,2025-02-01,4,Apple,35.681303262768225,0.9829002073554641,473910.5034258321,35.07116037568809
Sep-24 Forecast (8+4),2024-11-01,2025-02-01,4,Apple_Brand,35.681303262768225,0.9359795119401485,354991.60153720714,33.39696881327423
Sep-24 Forecast (8+4),2024-11-01,2025-02-01,4,Autorental_Desktop,35.681303262768225,0.876201702597639,149675.6333892578,31.26401866974021
Sep-24 Forecast (8+4),2024-11-01,2025-02-01,4,Autorental_Mobile,35.681303262768225,0.960246273359997,315201.2726268324,34.26283848670109
Sep-24 Forecast (8+4),2024-11-01,2025-02-01,4,Brand_Other,35.681303262768225,0.9359795119401485,354991.60153720714,33.39696881327423
Sep-24 Forecast (8+4),2024-11-01,2025-02-01,4,Capital_One,35.681303262768225,0.9321630558919124,464876.90601443726,33.26079268762809
Sep-24 Forecast (8+4),2024-11-01,2025-02-01,4,Delta,35.681303262768225,0.9321630558919124,464876.90601443726,33.26079268762809
Sep-24 Forecast (8+4),2024-11-01,2025-02-01,4,Expedia,35.681303262768225,0.9321630558919124,464876.90601443726,33.26079268762809
Sep-24 Forecast (8+4),2024-11-01,2025-02-01,4,Facebook/IG_App,35.681303262768225,0.9829002073554641,473910.5034258321,35.07116037568809
Sep-24 Forecast (8+4),2024-11-01,2025-02-01,4,Facebook/IG_Web,35.681303262768225,0.9321630558919124,464876.90601443726,33.26079268762809
Sep-24 Forecast (8+4),2024-11-01,2025-02-01,4,Facebook_Retargeting_Test,35.681303262768225,0.9359795119401485,354991.60153720714,33.39696881327423
Sep-24 Forecast (8+4),2024-11-01,2025-02-01,4,Free_Google,35.681303262768225,0.9703968869290794,597475.2922083725,34.62502560776269
Sep-24 Forecast (8+4),2024-11-01,2025-02-01,4,Free_Microsoft,35.681303262768225,0.9703968869290794,597475.2922083725,34.62502560776269
Sep-24 Forecast (8+4),2024-11-01,2025-02-01,4,Free_Other,35.681303262768225,0.9703968869290794,597475.2922083725,34.62502560776269
Sep-24 Forecast (8+4),2024-11-01,2025-02-01,4,Google_Desktop,35.681303262768225,0.9608027577519666,25355.437010889338,34.282694575051956
Sep-24 Forecast (8+4),2024-11-01,2025-02-01,4,Google_Desktop_Brand,35.681303262768225,0.8640905067430742,32228.595541096776,30.8318754175787
Sep-24 Forecast (8+4),2024-11-01,2025-02-01,4,Google_Discovery,35.681303262768225,0.876201702597639,149675.6333892578,31.26401866974021
Sep-24 Forecast (8+4),2024-11-01,2025-02-01,4,Google_Mobile,35.681303262768225,0.9503865786668235,78028.98744307092,33.91103173027566
Sep-24 Forecast (8+4),2024-11-01,2025-02-01,4,Google_Mobile_Brand,35.681303262768225,0.8966660379869268,51378.77481157707,31.99421282683639
Sep-24 Forecast (8+4),2024-11-01,2025-02-01,4,Google_Pmax,35.681303262768225,1.1023412519571534,20648.331870112128,39.33297251014279
Sep-24 Forecast (8+4),2024-11-01,2025-02-01,4,Google_UAC_Android,35.681303262768225,0.9008560899050744,6435.386548161657,32.143719340014556
Sep-24 Forecast (8+4),2024-11-01,2025-02-01,4,Google_UAC_iOS,35.681303262768225,0.9829002073554641,473910.5034258321,35.07116037568809
Sep-24 Forecast (8+4),2024-11-01,2025-02-01,4,Hopper,35.681303262768225,0.960246273359997,315201.2726268324,34.26283848670109
Sep-24 Forecast (8+4),2024-11-01,2025-02-01,4,Kayak_Afterclick,35.681303262768225,0.9359795119401485,354991.60153720714,33.39696881327423
Sep-24 Forecast (8+4),2024-11-01,2025-02-01,4,Kayak_Desktop,35.681303262768225,0.876201702597639,149675.6333892578,31.26401866974021
Sep-24 Forecast (8+4),2024-11-01,2025-02-01,4,Kayak_Desktop_Carousel,35.681303262768225,0.7571987343562163,3646.117529311776,27.01783767074843
Sep-24 Forecast (8+4),2024-11-01,2025-02-01,4,Kayak_Desktop_Compare,35.681303262768225,0.7643972853581386,2368.104625957502,27.274691352100522
Sep-24 Forecast (8+4),2024-11-01,2025-02-01,4,Kayak_Desktop_Core,35.681303262768225,0.6976089427235558,8775.94748498914,24.891596244138302
Sep-24 Forecast (8+4),2024-11-01,2025-02-01,4,Kayak_Desktop_Front_Door,35.681303262768225,0.876201702597639,149675.6333892578,31.26401866974021
Sep-24 Forecast (8+4),2024-11-01,2025-02-01,4,Kayak_Mobile,35.681303262768225,0.960246273359997,315201.2726268324,34.26283848670109
Sep-24 Forecast (8+4),2024-11-01,2025-02-01,4,Kayak_Mobile_Carousel,35.681303262768225,0.8461553461851861,2028.468172285145,30.191925514646258
Sep-24 Forecast (8+4),2024-11-01,2025-02-01,4,Kayak_Mobile_Core,35.681303262768225,0.800148844082289,7269.643405332624,28.550353561053605
Sep-24 Forecast (8+4),2024-11-01,2025-02-01,4,Kayak_Mobile_Front_Door,35.681303262768225,0.960246273359997,315201.2726268324,34.26283848670109
Sep-24 Forecast (8+4),2024-11-01,2025-02-01,4,Mediaalpha,35.681303262768225,0.9321630558919124,464876.90601443726,33.26079268762809
Sep-24 Forecast (8+4),2024-11-01,2025-02-01,4,Microsoft_Desktop,35.681303262768225,0.9127994266708943,4088.411109200438,32.569873161125145
Sep-24 Forecast (8+4),2024-11-01,2025-02-01,4,Microsoft_Desktop_Brand,35.681303262768225,0.8517627635631281,5358.1325059597575,30.39200547462952
Sep-24 Forecast (8+4),2024-11-01,2025-02-01,4,Microsoft_Mobile,35.681303262768225,0.960246273359997,315201.2726268324,34.26283848670109
Sep-24 Forecast (8+4),2024-11-01,2025-02-01,4,Microsoft_Mobile_Brand,35.681303262768225,0.9359795119401485,354991.60153720714,33.39696881327423
Sep-24 Forecast (8+4),2024-11-01,2025-02-01,4,Moloco,35.681303262768225,0.9359795119401485,354991.60153720714,33.39696881327423
Sep-24 Forecast (8+4),2024-11-01,2025-02-01,4,Other_Goals,35.681303262768225,0.9359795119401485,354991.60153720714,33.39696881327423
Sep-24 Forecast (8+4),2024-11-01,2025-02-01,4,Paid_Other,35.681303262768225,0.9359795119401485,354991.60153720714,33.39696881327423
Sep-24 Forecast (8+4),2024-11-01,2025-02-01,4,Pinterest,35.681303262768225,0.9359795119401485,354991.60153720714,33.39696881327423
Sep-24 Forecast (8+4),2024-11-01,2025-02-01,4,Reddit,35.681303262768225,0.9359795119401485,354991.60153720714,33.39696881327423
Sep-24 Forecast (8+4),2024-11-01,2025-02-01,4,Snapchat,35.681303262768225,0.9829002073554641,473910.5034258321,35.07116037568809
Sep-24 Forecast (8+4),2024-11-01,2025-02-01,4,Taboola,35.681303262768225,0.9359795119401485,354991.60153720714,33.39696881327423
Sep-24 Forecast (8+4),2024-11-01,2025-02-01,4,Tiktok,35.681303262768225,0.9829002073554641,473910.5034258321,35.07116037568809
Sep-24 Forecast (8+4),2024-11-01,2025-02-01,4,Twitch,35.681303262768225,0.9359795119401485,354991.60153720714,33.39696881327423
Sep-24 Forecast (8+4),2024-11-01,2025-02-01,4,Youtube_Brand,35.681303262768225,0.9359795119401485,354991.60153720714,33.39696881327423
Sep-24 Forecast (8+4),2024-11-01,2025-02-01,4,Youtube_Test,35.681303262768225,0.9359795119401485,354991.60153720714,33.39696881327423
Sep-24 Forecast (8+4),2024-11-01,2025-03-01,5,Apple,36.67965472157293,1.006867654143869,473910.5034258321,36.93155790431722
Sep-24 Forecast (8+4),2024-11-01,2025-03-01,5,Apple_Brand,36.67965472157293,0.9588028250085421,354991.60153720714,35.16855656738203
Sep-24 Forecast (8+4),2024-11-01,2025-03-01,5,Autorental_Desktop,36.67965472157293,0.897567368741327,149675.6333892578,32.922461174782605
Sep-24 Forecast (8+4),2024-11-01,2025-03-01,5,Autorental_Mobile,36.67965472157293,0.9836613172152036,315201.2726268324,36.08035747842129
Sep-24 Forecast (8+4),2024-11-01,2025-03-01,5,Brand_Other,36.67965472157293,0.9588028250085421,354991.60153720714,35.16855656738203
Sep-24 Forecast (8+4),2024-11-01,2025-03-01,5,Capital_One,36.67965472157293,0.9548933069113087,464876.90601443726,35.02515679344777
Sep-24 Forecast (8+4),2024-11-01,2025-03-01,5,Delta,36.67965472157293,0.9548933069113087,464876.90601443726,35.02515679344777
Sep-24 Forecast (8+4),2024-11-01,2025-03-01,5,Expedia,36.67965472157293,0.9548933069113087,464876.90601443726,35.02515679344777
Sep-24 Forecast (8+4),2024-11-01,2025-03-01,5,Facebook/IG_App,36.67965472157293,1.006867654143869,473910.5034258321,36.93155790431722
Sep-24 Forecast (8+4),2024-11-01,2025-03-01,5,Facebook/IG_Web,36.67965472157293,0.9548933069113087,464876.90601443726,35.02515679344777
Sep-24 Forecast (8+4),2024-11-01,2025-03-01,5,Facebook_Retargeting_Test,36.67965472157293,0.9588028250085421,354991.60153720714,35.16855656738203
Sep-24 Forecast (8+4),2024-11-01,2025-03-01,5,Free_Google,36.67965472157293,0.9940594475604205,597475.2922083725,36.46175730923376
Sep-24 Forecast (8+4),2024-11-01,2025-03-01,5,Free_Microsoft,36.67965472157293,0.9940594475604205,597475.2922083725,36.46175730923376
Sep-24 Forecast (8+4),2024-11-01,2025-03-01,5,Free_Other,36.67965472157293,0.9940594475604205,597475.2922083725,36.46175730923376
Sep-24 Forecast (8+4),2024-11-01,2025-03-01,5,Google_Desktop,36.67965472157293,0.9842313711536574,25355.437010889338,36.10126686005645
Sep-24 Forecast (8+4),2024-11-01,2025-03-01,5,Google_Desktop_Brand,36.67965472157293,0.8851608484580807,32228.595541096776,32.46739429449694
Sep-24 Forecast (8+4),2024-11-01,2025-03-01,5,Google_Discovery,36.67965472157293,0.897567368741327,149675.6333892578,32.922461174782605
Sep-24 Forecast (8+4),2024-11-01,2025-03-01,5,Google_Mobile,36.67965472157293,0.9735611996325646,78028.98744307092,35.70988865284281
Sep-24 Forecast (8+4),2024-11-01,2025-03-01,5,Google_Mobile_Brand,36.67965472157293,0.9185307149822074,51378.77481157707,33.69138947670688
Sep-24 Forecast (8+4),2024-11-01,2025-03-01,5,Google_Pmax,36.67965472157293,1.1292211987729464,20648.331870112128,41.41944367527235
Sep-24 Forecast (8+4),2024-11-01,2025-03-01,5,Google_UAC_Android,36.67965472157293,0.9228229388661734,6435.386548161657,33.84882676675844
Sep-24 Forecast (8+4),2024-11-01,2025-03-01,5,Google_UAC_iOS,36.67965472157293,1.006867654143869,473910.5034258321,36.93155790431722
Sep-24 Forecast (8+4),2024-11-01,2025-03-01,5,Hopper,36.67965472157293,0.9836613172152036,315201.2726268324,36.08035747842129
Sep-24 Forecast (8+4),2024-11-01,2025-03-01,5,Kayak_Afterclick,36.67965472157293,0.9588028250085421,354991.60153720714,35.16855656738203
Sep-24 Forecast (8+4),2024-11-01,2025-03-01,5,Kayak_Desktop,36.67965472157293,0.897567368741327,149675.6333892578,32.922461174782605
Sep-24 Forecast (8+4),2024-11-01,2025-03-01,5,Kayak_Desktop_Carousel,36.67965472157293,0.7756625827083887,3646.117529311776,28.451035714187203
Sep-24 Forecast (8+4),2024-11-01,2025-03-01,5,Kayak_Desktop_Compare,36.67965472157293,0.7830366661670153,2368.104625957502,28.721514549337687
Sep-24 Forecast (8+4),2024-11-01,2025-03-01,5,Kayak_Desktop_Core,36.67965472157293,0.7146197288529309,8775.94748498914,26.212004911549574
Sep-24 Forecast (8+4),2024-11-01,2025-03-01,5,Kayak_Desktop_Front_Door,36.67965472157293,0.897567368741327,149675.6333892578,32.922461174782605
Sep-24 Forecast (8+4),2024-11-01,2025-03-01,5,Kayak_Mobile,36.67965472157293,0.9836613172152036,315201.2726268324,36.08035747842129
Sep-24 Forecast (8+4),2024-11-01,2025-03-01,5,Kayak_Mobile_Carousel,36.67965472157293,0.8667883494978851,2028.468172285145,31.793497376264508
Sep-24 Forecast (8+4),2024-11-01,2025-03-01,5,Kayak_Mobile_Core,36.67965472157293,0.8196600057443095,7269.643405332624,30.06484599978376
Sep-24 Forecast (8+4),2024-11-01,2025-03-01,5,Kayak_Mobile_Front_Door,36.67965472157293,0.9836613172152036,315201.2726268324,36.08035747842129
Sep-24 Forecast (8+4),2024-11-01,2025-03-01,5,Mediaalpha,36.67965472157293,0.9548933069113087,464876.90601443726,35.02515679344777
Sep-24 Forecast (8+4),2024-11-01,2025-03-01,5,Microsoft_Desktop,36.67965472157293,0.9350575069149543,4088.411109200438,34.29758649845532
Sep-24 Forecast (8+4),2024-11-01,2025-03-01,5,Microsoft_Desktop_Brand,36.67965472157293,0.8725325004695534,5358.1325059597575,32.00419085057389
Sep-24 Forecast (8+4),2024-11-01,2025-03-01,5,Microsoft_Mobile,36.67965472157293,0.9836613172152036,315201.2726268324,36.08035747842129
Sep-24 Forecast (8+4),2024-11-01,2025-03-01,5,Microsoft_Mobile_Brand,36.67965472157293,0.9588028250085421,354991.60153720714,35.16855656738203
Sep-24 Forecast (8+4),2024-11-01,2025-03-01,5,Moloco,36.67965472157293,0.9588028250085421,354991.60153720714,35.16855656738203
Sep-24 Forecast (8+4),2024-11-01,2025-03-01,5,Other_Goals,36.67965472157293,0.9588028250085421,354991.60153720714,35.16855656738203
Sep-24 Forecast (8+4),2024-11-01,2025-03-01,5,Paid_Other,36.67965472157293,0.9588028250085421,354991.60153720714,35.16855656738203
Sep-24 Forecast (8+4),2024-11-01,2025-03-01,5,Pinterest,36.67965472157293,0.9588028250085421,354991.60153720714,35.16855656738203
Sep-24 Forecast (8+4),2024-11-01,2025-03-01,5,Reddit,36.67965472157293,0.9588028250085421,354991.60153720714,35.16855656738203
Sep-24 Forecast (8+4),2024-11-01,2025-03-01,5,Snapchat,36.67965472157293,1.006867654143869,473910.5034258321,36.93155790431722
Sep-24 Forecast (8+4),2024-11-01,2025-03-01,5,Taboola,36.67965472157293,0.9588028250085421,354991.60153720714,35.16855656738203
Sep-24 Forecast (8+4),2024-11-01,2025-03-01,5,Tiktok,36.67965472157293,1.006867654143869,473910.5034258321,36.93155790431722
Sep-24 Forecast (8+4),2024-11-01,2025-03-01,5,Twitch,36.67965472157293,0.9588028250085421,354991.60153720714,35.16855656738203
Sep-24 Forecast (8+4),2024-11-01,2025-03-01,5,Youtube_Brand,36.67965472157293,0.9588028250085421,354991.60153720714,35.16855656738203
Sep-24 Forecast (8+4),2024-11-01,2025-03-01,5,Youtube_Test,36.67965472157293,0.9588028250085421,354991.60153720714,35.16855656738203
Sep-24 Forecast (8+4),2024-11-01,2025-04-01,6,Apple,37.454131415228495,1.0226383726319686,473910.5034258321,38.302031998813156
Sep-24 Forecast (8+4),2024-11-01,2025-04-01,6,Apple_Brand,37.454131415228495,0.9738206968972378,354991.60153720714,36.47360835645854
Sep-24 Forecast (8+4),2024-11-01,2025-04-01,6,Autorental_Desktop,37.454131415228495,0.9116261005302231,149675.6333892578,34.14416377081128
Sep-24 Forecast (8+4),2024-11-01,2025-04-01,6,Autorental_Mobile,37.454131415228495,0.9990685513810729,315201.2726268324,37.419244816248664
Sep-24 Forecast (8+4),2024-11-01,2025-04-01,6,Brand_Other,37.454131415228495,0.9738206968972378,354991.60153720714,36.47360835645854
Sep-24 Forecast (8+4),2024-11-01,2025-04-01,6,Capital_One,37.454131415228495,0.969849943433984,464876.90601443726,36.32488723442836
Sep-24 Forecast (8+4),2024-11-01,2025-04-01,6,Delta,37.454131415228495,0.969849943433984,464876.90601443726,36.32488723442836
Sep-24 Forecast (8+4),2024-11-01,2025-04-01,6,Expedia,37.454131415228495,0.969849943433984,464876.90601443726,36.32488723442836
Sep-24 Forecast (8+4),2024-11-01,2025-04-01,6,Facebook/IG_App,37.454131415228495,1.0226383726319686,473910.5034258321,38.302031998813156
Sep-24 Forecast (8+4),2024-11-01,2025-04-01,6,Facebook/IG_Web,37.454131415228495,0.969849943433984,464876.90601443726,36.32488723442836
Sep-24 Forecast (8+4),2024-11-01,2025-04-01,6,Facebook_Retargeting_Test,37.454131415228495,0.9738206968972378,354991.60153720714,36.47360835645854
Sep-24 Forecast (8+4),2024-11-01,2025-04-01,6,Free_Google,37.454131415228495,1.0096295491953182,597475.2922083725,37.81479781625935
Sep-24 Forecast (8+4),2024-11-01,2025-04-01,6,Free_Microsoft,37.454131415228495,1.0096295491953182,597475.2922083725,37.81479781625935
Sep-24 Forecast (8+4),2024-11-01,2025-04-01,6,Free_Other,37.454131415228495,1.0096295491953182,597475.2922083725,37.81479781625935
Sep-24 Forecast (8+4),2024-11-01,2025-04-01,6,Google_Desktop,37.454131415228495,0.999647534159528,25355.437010889338,37.44093011332008
Sep-24 Forecast (8+4),2024-11-01,2025-04-01,6,Google_Desktop_Brand,37.454131415228495,0.8990252550663052,32228.595541096776,33.67221004886271
Sep-24 Forecast (8+4),2024-11-01,2025-04-01,6,Google_Discovery,37.454131415228495,0.9116261005302231,149675.6333892578,34.14416377081128
Sep-24 Forecast (8+4),2024-11-01,2025-04-01,6,Google_Mobile,37.454131415228495,0.9888102341478275,78028.98744307092,37.03502845449559
Sep-24 Forecast (8+4),2024-11-01,2025-04-01,6,Google_Mobile_Brand,37.454131415228495,0.9329177987950987,51378.77481157707,34.94162583567732
Sep-24 Forecast (8+4),2024-11-01,2025-04-01,6,Google_Pmax,37.454131415228495,1.1469083591096094,20648.331870112128,42.956456403315386
Sep-24 Forecast (8+4),2024-11-01,2025-04-01,6,Google_UAC_Android,37.454131415228495,0.9372772524229972,6435.386548161657,35.10490538475523
Sep-24 Forecast (8+4),2024-11-01,2025-04-01,6,Google_UAC_iOS,37.454131415228495,1.0226383726319686,473910.5034258321,38.302031998813156
Sep-24 Forecast (8+4),2024-11-01,2025-04-01,6,Hopper,37.454131415228495,0.9990685513810729,315201.2726268324,37.419244816248664
Sep-24 Forecast (8+4),2024-11-01,2025-04-01,6,Kayak_Afterclick,37.454131415228495,0.9738206968972378,354991.60153720714,36.47360835645854
Sep-24 Forecast (8+4),2024-11-01,2025-04-01,6,Kayak_Desktop,37.454131415228495,0.9116261005302231,149675.6333892578,34.14416377081128
Sep-24 Forecast (8+4),2024-11-01,2025-04-01,6,Kayak_Desktop_Carousel,37.454131415228495,0.787811901621655,3646.117529311776,29.50681049381853
Sep-24 Forecast (8+4),2024-11-01,2025-04-01,6,Kayak_Desktop_Compare,37.454131415228495,0.7953014864511471,2368.104625957502,29.787326388267825
Sep-24 Forecast (8+4),2024-11-01,2025-04-01,6,Kayak_Desktop_Core,37.454131415228495,0.7258129244267467,8775.94748498914,27.18469265435068
Sep-24 Forecast (8+4),2024-11-01,2025-04-01,6,Kayak_Desktop_Front_Door,37.454131415228495,0.9116261005302231,149675.6333892578,34.14416377081128
Sep-24 Forecast (8+4),2024-11-01,2025-04-01,6,Kayak_Mobile,37.454131415228495,0.9990685513810729,315201.2726268324,37.419244816248664
Sep-24 Forecast (8+4),2024-11-01,2025-04-01,6,Kayak_Mobile_Carousel,37.454131415228495,0.8803649849101318,2028.468172285145,32.97330583818973
Sep-24 Forecast (8+4),2024-11-01,2025-04-01,6,Kayak_Mobile_Core,37.454131415228495,0.8324984628675934,7269.643405332624,31.180506831218565
Sep-24 Forecast (8+4),2024-11-01,2025-04-01,6,Kayak_Mobile_Front_Door,37.454131415228495,0.9990685513810729,315201.2726268324,37.419244816248664
Sep-24 Forecast (8+4),2024-11-01,2025-04-01,6,Mediaalpha,37.454131415228495,0.969849943433984,464876.90601443726,36.32488723442836
Sep-24 Forecast (8+4),2024-11-01,2025-04-01,6,Microsoft_Desktop,37.454131415228495,0.9497034523389124,4088.411109200438,35.570317909397815
Sep-24 Forecast (8+4),2024-11-01,2025-04-01,6,Microsoft_Desktop_Brand,37.454131415228495,0.8861991073766183,5358.1325059597575,33.19181782774205
Sep-24 Forecast (8+4),2024-11-01,2025-04-01,6,Microsoft_Mobile,37.454131415228495,0.9990685513810729,315201.2726268324,37.419244816248664
Sep-24 Forecast (8+4),2024-11-01,2025-04-01,6,Microsoft_Mobile_Brand,37.454131415228495,0.9738206968972378,354991.60153720714,36.47360835645854
Sep-24 Forecast (8+4),2024-11-01,2025-04-01,6,Moloco,37.454131415228495,0.9738206968972378,354991.60153720714,36.47360835645854
Sep-24 Forecast (8+4),2024-11-01,2025-04-01,6,Other_Goals,37.454131415228495,0.9738206968972378,354991.60153720714,36.47360835645854
Sep-24 Forecast (8+4),2024-11-01,2025-04-01,6,Paid_Other,37.454131415228495,0.9738206968972378,354991.60153720714,36.47360835645854
Sep-24 Forecast (8+4),2024-11-01,2025-04-01,6,Pinterest,37.454131415228495,0.9738206968972378,354991.60153720714,36.47360835645854
Sep-24 Forecast (8+4),2024-11-01,2025-04-01,6,Reddit,37.454131415228495,0.9738206968972378,354991.60153720714,36.47360835645854
Sep-24 Forecast (8+4),2024-11-01,2025-04-01,6,Snapchat,37.454131415228495,1.0226383726319686,473910.5034258321,38.302031998813156
Sep-24 Forecast (8+4),2024-11-01,2025-04-01,6,Taboola,37.454131415228495,0.9738206968972378,354991.60153720714,36.47360835645854
Sep-24 Forecast (8+4),2024-11-01,2025-04-01,6,Tiktok,37.454131415228495,1.0226383726319686,473910.5034258321,38.302031998813156
Sep-24 Forecast (8+4),2024-11-01,2025-04-01,6,Twitch,37.454131415228495,0.9738206968972378,354991.60153720714,36.47360835645854
Sep-24 Forecast (8+4),2024-11-01,2025-04-01,6,Youtube_Brand,37.454131415228495,0.9738206968972378,354991.60153720714,36.47360835645854
Sep-24 Forecast (8+4),2024-11-01,2025-04-01,6,Youtube_Test,37.454131415228495,0.9738206968972378,354991.60153720714,36.47360835645854
Sep-24 Forecast (8+4),2024-11-01,2025-05-01,7,Apple,37.789361824555485,1.0315966575751658,473910.5034258321,38.983379350110006
Sep-24 Forecast (8+4),2024-11-01,2025-05-01,7,Apple_Brand,37.789361824555485,0.9823513402994954,354991.60153720714,37.12243023741467
Sep-24 Forecast (8+4),2024-11-01,2025-05-01,7,Autorental_Desktop,37.789361824555485,0.9196119209226138,149675.6333892578,34.75154761791916
Sep-24 Forecast (8+4),2024-11-01,2025-05-01,7,Autorental_Mobile,37.789361824555485,1.0078203653170437,315201.2726268324,38.08488843912145
Sep-24 Forecast (8+4),2024-11-01,2025-05-01,7,Brand_Other,37.789361824555485,0.9823513402994954,354991.60153720714,37.12243023741467
Sep-24 Forecast (8+4),2024-11-01,2025-05-01,7,Capital_One,37.789361824555485,0.9783458031415212,464876.90601443726,36.971063544450274
Sep-24 Forecast (8+4),2024-11-01,2025-05-01,7,Delta,37.789361824555485,0.9783458031415212,464876.90601443726,36.971063544450274
Sep-24 Forecast (8+4),2024-11-01,2025-05-01,7,Expedia,37.789361824555485,0.9783458031415212,464876.90601443726,36.971063544450274
Sep-24 Forecast (8+4),2024-11-01,2025-05-01,7,Facebook/IG_App,37.789361824555485,1.0315966575751658,473910.5034258321,38.983379350110006
Sep-24 Forecast (8+4),2024-11-01,2025-05-01,7,Facebook/IG_Web,37.789361824555485,0.9783458031415212,464876.90601443726,36.971063544450274
Sep-24 Forecast (8+4),2024-11-01,2025-05-01,7,Facebook_Retargeting_Test,37.789361824555485,0.9823513402994954,354991.60153720714,37.12243023741467
Sep-24 Forecast (8+4),2024-11-01,2025-05-01,7,Free_Google,37.789361824555485,1.018473877191231,597475.2922083725,38.487477854037316
Sep-24 Forecast (8+4),2024-11-01,2025-05-01,7,Free_Microsoft,37.789361824555485,1.018473877191231,597475.2922083725,38.487477854037316
Sep-24 Forecast (8+4),2024-11-01,2025-05-01,7,Free_Other,37.789361824555485,1.018473877191231,597475.2922083725,38.487477854037316
Sep-24 Forecast (8+4),2024-11-01,2025-05-01,7,Google_Desktop,37.789361824555485,1.008404419969238,25355.437010889338,38.10695949169853
Sep-24 Forecast (8+4),2024-11-01,2025-05-01,7,Google_Desktop_Brand,37.789361824555485,0.9069006923876005,32228.595541096776,34.27119840357493
Sep-24 Forecast (8+4),2024-11-01,2025-05-01,7,Google_Discovery,37.789361824555485,0.9196119209226138,149675.6333892578,34.75154761791916
Sep-24 Forecast (8+4),2024-11-01,2025-05-01,7,Google_Mobile,37.789361824555485,0.997472185497695,78028.98744307092,37.693837327702525
Sep-24 Forecast (8+4),2024-11-01,2025-05-01,7,Google_Mobile_Brand,37.789361824555485,0.9410901338979538,51378.77481157707,35.563195579389145
Sep-24 Forecast (8+4),2024-11-01,2025-05-01,7,Google_Pmax,37.789361824555485,1.1569552458289054,20648.331870112128,43.72060039944604
Sep-24 Forecast (8+4),2024-11-01,2025-05-01,7,Google_UAC_Android,37.789361824555485,0.945487776223676,6435.386548161657,35.72937967641084
Sep-24 Forecast (8+4),2024-11-01,2025-05-01,7,Google_UAC_iOS,37.789361824555485,1.0315966575751658,473910.5034258321,38.983379350110006
Sep-24 Forecast (8+4),2024-11-01,2025-05-01,7,Hopper,37.789361824555485,1.0078203653170437,315201.2726268324,38.08488843912145
Sep-24 Forecast (8+4),2024-11-01,2025-05-01,7,Kayak_Afterclick,37.789361824555485,0.9823513402994954,354991.60153720714,37.12243023741467
Sep-24 Forecast (8+4),2024-11-01,2025-05-01,7,Kayak_Desktop,37.789361824555485,0.9196119209226138,149675.6333892578,34.75154761791916
Sep-24 Forecast (8+4),2024-11-01,2025-05-01,7,Kayak_Desktop_Carousel,37.789361824555485,0.7947131129249285,3646.117529311776,30.031701371038945
Sep-24 Forecast (8+4),2024-11-01,2025-05-01,7,Kayak_Desktop_Compare,37.789361824555485,0.8022683063183121,2368.104625957502,30.31720730783601
Sep-24 Forecast (8+4),2024-11-01,2025-05-01,7,Kayak_Desktop_Core,37.789361824555485,0.7321710263388975,8775.94748498914,27.668275831776743
Sep-24 Forecast (8+4),2024-11-01,2025-05-01,7,Kayak_Desktop_Front_Door,37.789361824555485,0.9196119209226138,149675.6333892578,34.75154761791916
Sep-24 Forecast (8+4),2024-11-01,2025-05-01,7,Kayak_Mobile,37.789361824555485,1.0078203653170437,315201.2726268324,38.08488843912145
Sep-24 Forecast (8+4),2024-11-01,2025-05-01,7,Kayak_Mobile_Carousel,37.789361824555485,0.8880769587612019,2028.468172285145,33.5598615226779
Sep-24 Forecast (8+4),2024-11-01,2025-05-01,7,Kayak_Mobile_Core,37.789361824555485,0.8397911272587677,7269.643405332624,31.735170765032894
Sep-24 Forecast (8+4),2024-11-01,2025-05-01,7,Kayak_Mobile_Front_Door,37.789361824555485,1.0078203653170437,315201.2726268324,38.08488843912145
Sep-24 Forecast (8+4),2024-11-01,2025-05-01,7,Mediaalpha,37.789361824555485,0.9783458031415212,464876.90601443726,36.971063544450274
Sep-24 Forecast (8+4),2024-11-01,2025-05-01,7,Microsoft_Desktop,37.789361824555485,0.9580228293203313,4088.411109200438,36.20307133337037
Sep-24 Forecast (8+4),2024-11-01,2025-05-01,7,Microsoft_Desktop_Brand,37.789361824555485,0.8939621879853136,5358.1325059597575,33.7822605792483
Sep-24 Forecast (8+4),2024-11-01,2025-05-01,7,Microsoft_Mobile,37.789361824555485,1.0078203653170437,315201.2726268324,38.08488843912145
Sep-24 Forecast (8+4),2024-11-01,2025-05-01,7,Microsoft_Mobile_Brand,37.789361824555485,0.9823513402994954,354991.60153720714,37.12243023741467
Sep-24 Forecast (8+4),2024-11-01,2025-05-01,7,Moloco,37.789361824555485,0.9823513402994954,354991.60153720714,37.12243023741467
Sep-24 Forecast (8+4),2024-11-01,2025-05-01,7,Other_Goals,37.789361824555485,0.9823513402994954,354991.60153720714,37.12243023741467
Sep-24 Forecast (8+4),2024-11-01,2025-05-01,7,Paid_Other,37.789361824555485,0.9823513402994954,354991.60153720714,37.12243023741467
Sep-24 Forecast (8+4),2024-11-01,2025-05-01,7,Pinterest,37.789361824555485,0.9823513402994954,354991.60153720714,37.12243023741467
Sep-24 Forecast (8+4),2024-11-01,2025-05-01,7,Reddit,37.789361824555485,0.9823513402994954,354991.60153720714,37.12243023741467
Sep-24 Forecast (8+4),2024-11-01,2025-05-01,7,Snapchat,37.789361824555485,1.0315966575751658,473910.5034258321,38.983379350110006
Sep-24 Forecast (8+4),2024-11-01,2025-05-01,7,Taboola,37.789361824555485,0.9823513402994954,354991.60153720714,37.12243023741467
Sep-24 Forecast (8+4),2024-11-01,2025-05-01,7,Tiktok,37.789361824555485,1.0315966575751658,473910.5034258321,38.983379350110006
Sep-24 Forecast (8+4),2024-11-01,2025-05-01,7,Twitch,37.789361824555485,0.9823513402994954,354991.60153720714,37.12243023741467
Sep-24 Forecast (8+4),2024-11-01,2025-05-01,7,Youtube_Brand,37.789361824555485,0.9823513402994954,354991.60153720714,37.12243023741467
Sep-24 Forecast (8+4),2024-11-01,2025-05-01,7,Youtube_Test,37.789361824555485,0.9823513402994954,354991.60153720714,37.12243023741467
Sep-24 Forecast (8+4),2024-11-01,2025-06-01,8,Apple,38.75876471992197,1.040051994514129,473910.5034258321,40.3111305518587
Sep-24 Forecast (8+4),2024-11-01,2025-06-01,8,Apple_Brand,38.75876471992197,0.9904030449203678,354991.60153720714,38.386798595962844
Sep-24 Forecast (8+4),2024-11-01,2025-06-01,8,Autorental_Desktop,38.75876471992197,0.9271493907150857,149675.6333892578,35.93516509494501
Sep-24 Forecast (8+4),2024-11-01,2025-06-01,8,Autorental_Mobile,38.75876471992197,1.0160808232199754,315201.2726268324,39.38203756360765
Sep-24 Forecast (8+4),2024-11-01,2025-06-01,8,Brand_Other,38.75876471992197,0.9904030449203678,354991.60153720714,38.386798595962844
Sep-24 Forecast (8+4),2024-11-01,2025-06-01,8,Capital_One,38.75876471992197,0.9863646769403436,464876.90601443726,38.23027644157262
Sep-24 Forecast (8+4),2024-11-01,2025-06-01,8,Delta,38.75876471992197,0.9863646769403436,464876.90601443726,38.23027644157262
Sep-24 Forecast (8+4),2024-11-01,2025-06-01,8,Expedia,38.75876471992197,0.9863646769403436,464876.90601443726,38.23027644157262
Sep-24 Forecast (8+4),2024-11-01,2025-06-01,8,Facebook/IG_App,38.75876471992197,1.040051994514129,473910.5034258321,40.3111305518587
Sep-24 Forecast (8+4),2024-11-01,2025-06-01,8,Facebook/IG_Web,38.75876471992197,0.9863646769403436,464876.90601443726,38.23027644157262
Sep-24 Forecast (8+4),2024-11-01,2025-06-01,8,Facebook_Retargeting_Test,38.75876471992197,0.9904030449203678,354991.60153720714,38.386798595962844
Sep-24 Forecast (8+4),2024-11-01,2025-06-01,8,Free_Google,38.75876471992197,1.0268216551061247,597475.2922083725,39.79833893957915
Sep-24 Forecast (8+4),2024-11-01,2025-06-01,8,Free_Microsoft,38.75876471992197,1.0268216551061247,597475.2922083725,39.79833893957915
Sep-24 Forecast (8+4),2024-11-01,2025-06-01,8,Free_Other,38.75876471992197,1.0268216551061247,597475.2922083725,39.79833893957915
Sep-24 Forecast (8+4),2024-11-01,2025-06-01,8,Google_Desktop,38.75876471992197,1.0166696649939955,25355.437010889338,39.40486034338416
Sep-24 Forecast (8+4),2024-11-01,2025-06-01,8,Google_Desktop_Brand,38.75876471992197,0.9143339763828596,32228.595541096776,35.438455466053945
Sep-24 Forecast (8+4),2024-11-01,2025-06-01,8,Google_Discovery,38.75876471992197,0.9271493907150857,149675.6333892578,35.93516509494501
Sep-24 Forecast (8+4),2024-11-01,2025-06-01,8,Google_Mobile,38.75876471992197,1.0056478259999158,78028.98744307092,38.977667479031766
Sep-24 Forecast (8+4),2024-11-01,2025-06-01,8,Google_Mobile_Brand,38.75876471992197,0.948803646842776,51378.77481157707,36.77445731338309
Sep-24 Forecast (8+4),2024-11-01,2025-06-01,8,Google_Pmax,38.75876471992197,1.1664380668083556,20648.331870112128,45.20969859178568
Sep-24 Forecast (8+4),2024-11-01,2025-06-01,8,Google_UAC_Android,38.75876471992197,0.953237333825417,6435.386548161657,36.94630154398505
Sep-24 Forecast (8+4),2024-11-01,2025-06-01,8,Google_UAC_iOS,38.75876471992197,1.040051994514129,473910.5034258321,40.3111305518587
Sep-24 Forecast (8+4),2024-11-01,2025-06-01,8,Hopper,38.75876471992197,1.0160808232199754,315201.2726268324,39.38203756360765
Sep-24 Forecast (8+4),2024-11-01,2025-06-01,8,Kayak_Afterclick,38.75876471992197,0.9904030449203678,354991.60153720714,38.386798595962844
Sep-24 Forecast (8+4),2024-11-01,2025-06-01,8,Kayak_Desktop,38.75876471992197,0.9271493907150857,149675.6333892578,35.93516509494501
Sep-24 Forecast (8+4),2024-11-01,2025-06-01,8,Kayak_Desktop_Carousel,38.75876471992197,0.8012268672011272,3646.117529311776,31.054563633128655
Sep-24 Forecast (8+4),2024-11-01,2025-06-01,8,Kayak_Desktop_Compare,38.75876471992197,0.8088439856747358,2368.104625957502,31.349793735891023
Sep-24 Forecast (8+4),2024-11-01,2025-06-01,8,Kayak_Desktop_Core,38.75876471992197,0.738172163197167,8775.94748498914,28.61064119615484
Sep-24 Forecast (8+4),2024-11-01,2025-06-01,8,Kayak_Desktop_Front_Door,38.75876471992197,0.9271493907150857,149675.6333892578,35.93516509494501
Sep-24 Forecast (8+4),2024-11-01,2025-06-01,8,Kayak_Mobile,38.75876471992197,1.0160808232199754,315201.2726268324,39.38203756360765
Sep-24 Forecast (8+4),2024-11-01,2025-06-01,8,Kayak_Mobile_Carousel,38.75876471992197,0.8953559566708171,2028.468172285145,34.70289086518485
Sep-24 Forecast (8+4),2024-11-01,2025-06-01,8,Kayak_Mobile_Core,38.75876471992197,0.8466743571405079,7269.643405332624,32.81605220280013
Sep-24 Forecast (8+4),2024-11-01,2025-06-01,8,Kayak_Mobile_Front_Door,38.75876471992197,1.0160808232199754,315201.2726268324,39.38203756360765
Sep-24 Forecast (8+4),2024-11-01,2025-06-01,8,Mediaalpha,38.75876471992197,0.9863646769403436,464876.90601443726,38.23027644157262
Sep-24 Forecast (8+4),2024-11-01,2025-06-01,8,Microsoft_Desktop,38.75876471992197,0.9658751287220789,4088.411109200438,37.436126862963405
Sep-24 Forecast (8+4),2024-11-01,2025-06-01,8,Microsoft_Desktop_Brand,38.75876471992197,0.9012894233486735,5358.1325059597575,34.93286470412538
Sep-24 Forecast (8+4),2024-11-01,2025-06-01,8,Microsoft_Mobile,38.75876471992197,1.0160808232199754,315201.2726268324,39.38203756360765
Sep-24 Forecast (8+4),2024-11-01,2025-06-01,8,Microsoft_Mobile_Brand,38.75876471992197,0.9904030449203678,354991.60153720714,38.386798595962844
Sep-24 Forecast (8+4),2024-11-01,2025-06-01,8,Moloco,38.75876471992197,0.9904030449203678,354991.60153720714,38.386798595962844
Sep-24 Forecast (8+4),2024-11-01,2025-06-01,8,Other_Goals,38.75876471992197,0.9904030449203678,354991.60153720714,38.386798595962844
Sep-24 Forecast (8+4),2024-11-01,2025-06-01,8,Paid_Other,38.75876471992197,0.9904030449203678,354991.60153720714,38.386798595962844
Sep-24 Forecast (8+4),2024-11-01,2025-06-01,8,Pinterest,38.75876471992197,0.9904030449203678,354991.60153720714,38.386798595962844
Sep-24 Forecast (8+4),2024-11-01,2025-06-01,8,Reddit,38.75876471992197,0.9904030449203678,354991.60153720714,38.386798595962844
Sep-24 Forecast (8+4),2024-11-01,2025-06-01,8,Snapchat,38.75876471992197,1.040051994514129,473910.5034258321,40.3111305518587
Sep-24 Forecast (8+4),2024-11-01,2025-06-01,8,Taboola,38.75876471992197,0.9904030449203678,354991.60153720714,38.386798595962844
Sep-24 Forecast (8+4),2024-11-01,2025-06-01,8,Tiktok,38.75876471992197,1.040051994514129,473910.5034258321,40.3111305518587
Sep-24 Forecast (8+4),2024-11-01,2025-06-01,8,Twitch,38.75876471992197,0.9904030449203678,354991.60153720714,38.386798595962844
Sep-24 Forecast (8+4),2024-11-01,2025-06-01,8,Youtube_Brand,38.75876471992197,0.9904030449203678,354991.60153720714,38.386798595962844
Sep-24 Forecast (8+4),2024-11-01,2025-06-01,8,Youtube_Test,38.75876471992197,0.9904030449203678,354991.60153720714,38.386798595962844
Sep-24 Forecast (8+4),2024-11-01,2025-07-01,9,Apple,39.982783362661316,1.0362540832616154,473910.5034258321,41.43232251972237
Sep-24 Forecast (8+4),2024-11-01,2025-07-01,9,Apple_Brand,39.982783362661316,0.9867864345117853,354991.60153720714,39.454468236297686
Sep-24 Forecast (8+4),2024-11-01,2025-07-01,9,Autorental_Desktop,39.982783362661316,0.9237637608404919,149675.6333892578,36.93464632796267
Sep-24 Forecast (8+4),2024-11-01,2025-07-01,9,Autorental_Mobile,39.982783362661316,1.012370446419272,315201.2726268324,40.47738824194248
Sep-24 Forecast (8+4),2024-11-01,2025-07-01,9,Brand_Other,39.982783362661316,0.9867864345117853,354991.60153720714,39.454468236297686
Sep-24 Forecast (8+4),2024-11-01,2025-07-01,9,Capital_One,39.982783362661316,0.9827628132591113,464876.90601443726,39.29359265941862
Sep-24 Forecast (8+4),2024-11-01,2025-07-01,9,Delta,39.982783362661316,0.9827628132591113,464876.90601443726,39.29359265941862
Sep-24 Forecast (8+4),2024-11-01,2025-07-01,9,Expedia,39.982783362661316,0.9827628132591113,464876.90601443726,39.29359265941862
Sep-24 Forecast (8+4),2024-11-01,2025-07-01,9,Facebook/IG_App,39.982783362661316,1.0362540832616154,473910.5034258321,41.43232251972237
Sep-24 Forecast (8+4),2024-11-01,2025-07-01,9,Facebook/IG_Web,39.982783362661316,0.9827628132591113,464876.90601443726,39.29359265941862
Sep-24 Forecast (8+4),2024-11-01,2025-07-01,9,Facebook_Retargeting_Test,39.982783362661316,0.9867864345117853,354991.60153720714,39.454468236297686
Sep-24 Forecast (8+4),2024-11-01,2025-07-01,9,Free_Google,39.982783362661316,1.0230720564910343,597475.2922083725,40.90526839907342
Sep-24 Forecast (8+4),2024-11-01,2025-07-01,9,Free_Microsoft,39.982783362661316,1.0230720564910343,597475.2922083725,40.90526839907342
Sep-24 Forecast (8+4),2024-11-01,2025-07-01,9,Free_Other,39.982783362661316,1.0230720564910343,597475.2922083725,40.90526839907342
Sep-24 Forecast (8+4),2024-11-01,2025-07-01,9,Google_Desktop,39.982783362661316,1.0129571379461784,25355.437010889338,40.50084580216348
Sep-24 Forecast (8+4),2024-11-01,2025-07-01,9,Google_Desktop_Brand,39.982783362661316,0.910995143982387,32228.595541096776,36.424121486284236
Sep-24 Forecast (8+4),2024-11-01,2025-07-01,9,Google_Discovery,39.982783362661316,0.9237637608404919,149675.6333892578,36.93464632796267
Sep-24 Forecast (8+4),2024-11-01,2025-07-01,9,Google_Mobile,39.982783362661316,1.0019755469075469,78028.98744307092,40.061771226688535
Sep-24 Forecast (8+4),2024-11-01,2025-07-01,9,Google_Mobile_Brand,39.982783362661316,0.9453389430916395,51378.77481157707,37.79728216592024
Sep-24 Forecast (8+4),2024-11-01,2025-07-01,9,Google_Pmax,39.982783362661316,1.1621786372003569,20648.331870112128,46.46713667989483
Sep-24 Forecast (8+4),2024-11-01,2025-07-01,9,Google_UAC_Android,39.982783362661316,0.949756439778247,6435.386548161657,37.973905978946135
Sep-24 Forecast (8+4),2024-11-01,2025-07-01,9,Google_UAC_iOS,39.982783362661316,1.0362540832616154,473910.5034258321,41.43232251972237
Sep-24 Forecast (8+4),2024-11-01,2025-07-01,9,Hopper,39.982783362661316,1.012370446419272,315201.2726268324,40.47738824194248
Sep-24 Forecast (8+4),2024-11-01,2025-07-01,9,Kayak_Afterclick,39.982783362661316,0.9867864345117853,354991.60153720714,39.454468236297686
Sep-24 Forecast (8+4),2024-11-01,2025-07-01,9,Kayak_Desktop,39.982783362661316,0.9237637608404919,149675.6333892578,36.93464632796267
Sep-24 Forecast (8+4),2024-11-01,2025-07-01,9,Kayak_Desktop_Carousel,39.982783362661316,0.7983010629617143,3646.117529311776,31.918298458580473
Sep-24 Forecast (8+4),2024-11-01,2025-07-01,9,Kayak_Desktop_Compare,39.982783362661316,0.8058903663451973,2368.104625957502,32.22173993163579
Sep-24 Forecast (8+4),2024-11-01,2025-07-01,9,Kayak_Desktop_Core,39.982783362661316,0.7354766129942096,8775.94748498914,29.40640208565138
Sep-24 Forecast (8+4),2024-11-01,2025-07-01,9,Kayak_Desktop_Front_Door,39.982783362661316,0.9237637608404919,149675.6333892578,36.93464632796267
Sep-24 Forecast (8+4),2024-11-01,2025-07-01,9,Kayak_Mobile,39.982783362661316,1.012370446419272,315201.2726268324,40.47738824194248
Sep-24 Forecast (8+4),2024-11-01,2025-07-01,9,Kayak_Mobile_Carousel,39.982783362661316,0.8920864254543189,2028.468172285145,35.66809828971095
Sep-24 Forecast (8+4),2024-11-01,2025-07-01,9,Kayak_Mobile_Core,39.982783362661316,0.8435825943390715,7269.643405332624,33.7287801179709
Sep-24 Forecast (8+4),2024-11-01,2025-07-01,9,Kayak_Mobile_Front_Door,39.982783362661316,1.012370446419272,315201.2726268324,40.47738824194248
Sep-24 Forecast (8+4),2024-11-01,2025-07-01,9,Mediaalpha,39.982783362661316,0.9827628132591113,464876.90601443726,39.29359265941862
Sep-24 Forecast (8+4),2024-11-01,2025-07-01,9,Microsoft_Desktop,39.982783362661316,0.9623480858057195,4088.411109200438,38.47735503424189
Sep-24 Forecast (8+4),2024-11-01,2025-07-01,9,Microsoft_Desktop_Brand,39.982783362661316,0.8979982251578499,5358.1325059597575,35.90446849654067
Sep-24 Forecast (8+4),2024-11-01,2025-07-01,9,Microsoft_Mobile,39.982783362661316,1.012370446419272,315201.2726268324,40.47738824194248
Sep-24 Forecast (8+4),2024-11-01,2025-07-01,9,Microsoft_Mobile_Brand,39.982783362661316,0.9867864345117853,354991.60153720714,39.454468236297686
Sep-24 Forecast (8+4),2024-11-01,2025-07-01,9,Moloco,39.982783362661316,0.9867864345117853,354991.60153720714,39.454468236297686
Sep-24 Forecast (8+4),2024-11-01,2025-07-01,9,Other_Goals,39.982783362661316,0.9867864345117853,354991.60153720714,39.454468236297686
Sep-24 Forecast (8+4),2024-11-01,2025-07-01,9,Paid_Other,39.982783362661316,0.9867864345117853,354991.60153720714,39.454468236297686
Sep-24 Forecast (8+4),2024-11-01,2025-07-01,9,Pinterest,39.982783362661316,0.9867864345117853,354991.60153720714,39.454468236297686
Sep-24 Forecast (8+4),2024-11-01,2025-07-01,9,Reddit,39.982783362661316,0.9867864345117853,354991.60153720714,39.454468236297686
Sep-24 Forecast (8+4),2024-11-01,2025-07-01,9,Snapchat,39.982783362661316,1.0362540832616154,473910.5034258321,41.43232251972237
Sep-24 Forecast (8+4),2024-11-01,2025-07-01,9,Taboola,39.982783362661316,0.9867864345117853,354991.60153720714,39.454468236297686
Sep-24 Forecast (8+4),2024-11-01,2025-07-01,9,Tiktok,39.982783362661316,1.0362540832616154,473910.5034258321,41.43232251972237
Sep-24 Forecast (8+4),2024-11-01,2025-07-01,9,Twitch,39.982783362661316,0.9867864345117853,354991.60153720714,39.454468236297686
Sep-24 Forecast (8+4),2024-11-01,2025-07-01,9,Youtube_Brand,39.982783362661316,0.9867864345117853,354991.60153720714,39.454468236297686
Sep-24 Forecast (8+4),2024-11-01,2025-07-01,9,Youtube_Test,39.982783362661316,0.9867864345117853,354991.60153720714,39.454468236297686
Sep-24 Forecast (8+4),2024-11-01,2025-08-01,10,Apple,38.79728195012561,1.0452228030527049,473910.5034258321,40.5518037907364
Sep-24 Forecast (8+4),2024-11-01,2025-08-01,10,Apple_Brand,38.79728195012561,0.9953270146337262,354991.60153720714,38.615982819321474
Sep-24 Forecast (8+4),2024-11-01,2025-08-01,10,Autorental_Desktop,38.79728195012561,0.9317588833282743,149675.6333892578,36.14971210602125
Sep-24 Forecast (8+4),2024-11-01,2025-08-01,10,Autorental_Mobile,38.79728195012561,1.0211324547002296,315201.2726268324,39.61716375342868
Sep-24 Forecast (8+4),2024-11-01,2025-08-01,10,Brand_Other,38.79728195012561,0.9953270146337262,354991.60153720714,38.615982819321474
Sep-24 Forecast (8+4),2024-11-01,2025-08-01,10,Capital_One,38.79728195012561,0.9912685691693617,464876.90601443726,38.45852616636132
Sep-24 Forecast (8+4),2024-11-01,2025-08-01,10,Delta,38.79728195012561,0.9912685691693617,464876.90601443726,38.45852616636132
Sep-24 Forecast (8+4),2024-11-01,2025-08-01,10,Expedia,38.79728195012561,0.9912685691693617,464876.90601443726,38.45852616636132
Sep-24 Forecast (8+4),2024-11-01,2025-08-01,10,Facebook/IG_App,38.79728195012561,1.0452228030527049,473910.5034258321,40.5518037907364
Sep-24 Forecast (8+4),2024-11-01,2025-08-01,10,Facebook/IG_Web,38.79728195012561,0.9912685691693617,464876.90601443726,38.45852616636132
Sep-24 Forecast (8+4),2024-11-01,2025-08-01,10,Facebook_Retargeting_Test,38.79728195012561,0.9953270146337262,354991.60153720714,38.615982819321474
Sep-24 Forecast (8+4),2024-11-01,2025-08-01,10,Free_Google,38.79728195012561,1.0319266865947643,597475.2922083725,40.03595061167597
Sep-24 Forecast (8+4),2024-11-01,2025-08-01,10,Free_Microsoft,38.79728195012561,1.0319266865947643,597475.2922083725,40.03595061167597
Sep-24 Forecast (8+4),2024-11-01,2025-08-01,10,Free_Other,38.79728195012561,1.0319266865947643,597475.2922083725,40.03595061167597
Sep-24 Forecast (8+4),2024-11-01,2025-08-01,10,Google_Desktop,38.79728195012561,1.0217242240087279,25355.437010889338,39.64012279413991
Sep-24 Forecast (8+4),2024-11-01,2025-08-01,10,Google_Desktop_Brand,38.79728195012561,0.9188797548219453,32228.595541096776,35.6500369260893
Sep-24 Forecast (8+4),2024-11-01,2025-08-01,10,Google_Discovery,38.79728195012561,0.9317588833282743,149675.6333892578,36.14971210602125
Sep-24 Forecast (8+4),2024-11-01,2025-08-01,10,Google_Mobile,38.79728195012561,1.0106475879280776,78028.98744307092,39.21037942105999
Sep-24 Forecast (8+4),2024-11-01,2025-08-01,10,Google_Mobile_Brand,38.79728195012561,0.9535207975471678,51378.77481157707,36.994015227746104
Sep-24 Forecast (8+4),2024-11-01,2025-08-01,10,Google_Pmax,38.79728195012561,1.1722372267997656,20648.331870112128,45.47961820058384
Sep-24 Forecast (8+4),2024-11-01,2025-08-01,10,Google_UAC_Android,38.79728195012561,0.957976527414807,6435.386548161657,37.1668854357145
Sep-24 Forecast (8+4),2024-11-01,2025-08-01,10,Google_UAC_iOS,38.79728195012561,1.0452228030527049,473910.5034258321,40.5518037907364
Sep-24 Forecast (8+4),2024-11-01,2025-08-01,10,Hopper,38.79728195012561,1.0211324547002296,315201.2726268324,39.61716375342868
Sep-24 Forecast (8+4),2024-11-01,2025-08-01,10,Kayak_Afterclick,38.79728195012561,0.9953270146337262,354991.60153720714,38.615982819321474
Sep-24 Forecast (8+4),2024-11-01,2025-08-01,10,Kayak_Desktop,38.79728195012561,0.9317588833282743,149675.6333892578,36.14971210602125
Sep-24 Forecast (8+4),2024-11-01,2025-08-01,10,Kayak_Desktop_Carousel,38.79728195012561,0.8052103129789466,3646.117529311776,31.23997154179308
Sep-24 Forecast (8+4),2024-11-01,2025-08-01,10,Kayak_Desktop_Compare,38.79728195012561,0.8128653013489165,2368.104625957502,31.536964283907732
Sep-24 Forecast (8+4),2024-11-01,2025-08-01,10,Kayak_Desktop_Core,38.79728195012561,0.7418421209920962,8775.94748498914,28.78145793060955
Sep-24 Forecast (8+4),2024-11-01,2025-08-01,10,Kayak_Desktop_Front_Door,38.79728195012561,0.9317588833282743,149675.6333892578,36.14971210602125
Sep-24 Forecast (8+4),2024-11-01,2025-08-01,10,Kayak_Mobile,38.79728195012561,1.0211324547002296,315201.2726268324,39.61716375342868
Sep-24 Forecast (8+4),2024-11-01,2025-08-01,10,Kayak_Mobile_Carousel,38.79728195012561,0.8998073824170664,2028.468172285145,34.91008071643942
Sep-24 Forecast (8+4),2024-11-01,2025-08-01,10,Kayak_Mobile_Core,38.79728195012561,0.8508837534191435,7269.643405332624,33.01197688818366
Sep-24 Forecast (8+4),2024-11-01,2025-08-01,10,Kayak_Mobile_Front_Door,38.79728195012561,1.0211324547002296,315201.2726268324,39.61716375342868
Sep-24 Forecast (8+4),2024-11-01,2025-08-01,10,Mediaalpha,38.79728195012561,0.9912685691693617,464876.90601443726,38.45852616636132
Sep-24 Forecast (8+4),2024-11-01,2025-08-01,10,Microsoft_Desktop,38.79728195012561,0.9706771534180917,4088.411109200438,37.65963520370703
Sep-24 Forecast (8+4),2024-11-01,2025-08-01,10,Microsoft_Desktop_Brand,38.79728195012561,0.9057703484087292,5358.1325059597575,35.14142758927697
Sep-24 Forecast (8+4),2024-11-01,2025-08-01,10,Microsoft_Mobile,38.79728195012561,1.0211324547002296,315201.2726268324,39.61716375342868
Sep-24 Forecast (8+4),2024-11-01,2025-08-01,10,Microsoft_Mobile_Brand,38.79728195012561,0.9953270146337262,354991.60153720714,38.615982819321474
Sep-24 Forecast (8+4),2024-11-01,2025-08-01,10,Moloco,38.79728195012561,0.9953270146337262,354991.60153720714,38.615982819321474
Sep-24 Forecast (8+4),2024-11-01,2025-08-01,10,Other_Goals,38.79728195012561,0.9953270146337262,354991.60153720714,38.615982819321474
Sep-24 Forecast (8+4),2024-11-01,2025-08-01,10,Paid_Other,38.79728195012561,0.9953270146337262,354991.60153720714,38.615982819321474
Sep-24 Forecast (8+4),2024-11-01,2025-08-01,10,Pinterest,38.79728195012561,0.9953270146337262,354991.60153720714,38.615982819321474
Sep-24 Forecast (8+4),2024-11-01,2025-08-01,10,Reddit,38.79728195012561,0.9953270146337262,354991.60153720714,38.615982819321474
Sep-24 Forecast (8+4),2024-11-01,2025-08-01,10,Snapchat,38.79728195012561,1.0452228030527049,473910.5034258321,40.5518037907364
Sep-24 Forecast (8+4),2024-11-01,2025-08-01,10,Taboola,38.79728195012561,0.9953270146337262,354991.60153720714,38.615982819321474
Sep-24 Forecast (8+4),2024-11-01,2025-08-01,10,Tiktok,38.79728195012561,1.0452228030527049,473910.5034258321,40.5518037907364
Sep-24 Forecast (8+4),2024-11-01,2025-08-01,10,Twitch,38.79728195012561,0.9953270146337262,354991.60153720714,38.615982819321474
Sep-24 Forecast (8+4),2024-11-01,2025-08-01,10,Youtube_Brand,38.79728195012561,0.9953270146337262,354991.60153720714,38.615982819321474
Sep-24 Forecast (8+4),2024-11-01,2025-08-01,10,Youtube_Test,38.79728195012561,0.9953270146337262,354991.60153720714,38.615982819321474
Sep-24 Forecast (8+4),2024-11-01,2025-09-01,11,Apple,36.35413744772278,1.0447804048097762,473910.5034258321,37.98209043914205
Sep-24 Forecast (8+4),2024-11-01,2025-09-01,11,Apple_Brand,36.35413744772278,0.9949057351504168,354991.60153720714,36.168939843185925
Sep-24 Forecast (8+4),2024-11-01,2025-09-01,11,Autorental_Desktop,36.35413744772278,0.9313645095243221,149675.6333892578,33.85895339317812
Sep-24 Forecast (8+4),2024-11-01,2025-09-01,11,Autorental_Mobile,36.35413744772278,1.0207002528745162,315201.2726268324,37.10667728592556
Sep-24 Forecast (8+4),2024-11-01,2025-09-01,11,Brand_Other,36.35413744772278,0.9949057351504168,354991.60153720714,36.168939843185925
Sep-24 Forecast (8+4),2024-11-01,2025-09-01,11,Capital_One,36.35413744772278,0.9908490074529601,464876.90601443726,36.0214610068846
Sep-24 Forecast (8+4),2024-11-01,2025-09-01,11,Delta,36.35413744772278,0.9908490074529601,464876.90601443726,36.0214610068846
Sep-24 Forecast (8+4),2024-11-01,2025-09-01,11,Expedia,36.35413744772278,0.9908490074529601,464876.90601443726,36.0214610068846
Sep-24 Forecast (8+4),2024-11-01,2025-09-01,11,Facebook/IG_App,36.35413744772278,1.0447804048097762,473910.5034258321,37.98209043914205
Sep-24 Forecast (8+4),2024-11-01,2025-09-01,11,Facebook/IG_Web,36.35413744772278,0.9908490074529601,464876.90601443726,36.0214610068846
Sep-24 Forecast (8+4),2024-11-01,2025-09-01,11,Facebook_Retargeting_Test,36.35413744772278,0.9949057351504168,354991.60153720714,36.168939843185925
Sep-24 Forecast (8+4),2024-11-01,2025-09-01,11,Free_Google,36.35413744772278,1.0314899160309694,597475.2922083725,37.498926183329885
Sep-24 Forecast (8+4),2024-11-01,2025-09-01,11,Free_Microsoft,36.35413744772278,1.0314899160309694,597475.2922083725,37.498926183329885
Sep-24 Forecast (8+4),2024-11-01,2025-09-01,11,Free_Other,36.35413744772278,1.0314899160309694,597475.2922083725,37.498926183329885
Sep-24 Forecast (8+4),2024-11-01,2025-09-01,11,Google_Desktop,36.35413744772278,1.0212917717123,25355.437010889338,37.128181443057265
Sep-24 Forecast (8+4),2024-11-01,2025-09-01,11,Google_Desktop_Brand,36.35413744772278,0.9184908322039077,32228.595541096776,33.39094195841414
Sep-24 Forecast (8+4),2024-11-01,2025-09-01,11,Google_Discovery,36.35413744772278,0.9313645095243221,149675.6333892578,33.85895339317812
Sep-24 Forecast (8+4),2024-11-01,2025-09-01,11,Google_Mobile,36.35413744772278,1.0102198238993811,78028.98744307092,36.7256703304524
Sep-24 Forecast (8+4),2024-11-01,2025-09-01,11,Google_Mobile_Brand,36.35413744772278,0.9531172128528819,51378.77481157707,34.649754159844115
Sep-24 Forecast (8+4),2024-11-01,2025-09-01,11,Google_Pmax,36.35413744772278,1.1717410687673184,20648.331870112128,42.59763586710868
Sep-24 Forecast (8+4),2024-11-01,2025-09-01,11,Google_UAC_Android,36.35413744772278,0.957571056800066,6435.386548161657,34.811669814870754
Sep-24 Forecast (8+4),2024-11-01,2025-09-01,11,Google_UAC_iOS,36.35413744772278,1.0447804048097762,473910.5034258321,37.98209043914205
Sep-24 Forecast (8+4),2024-11-01,2025-09-01,11,Hopper,36.35413744772278,1.0207002528745162,315201.2726268324,37.10667728592556
Sep-24 Forecast (8+4),2024-11-01,2025-09-01,11,Kayak_Afterclick,36.35413744772278,0.9949057351504168,354991.60153720714,36.168939843185925
Sep-24 Forecast (8+4),2024-11-01,2025-09-01,11,Kayak_Desktop,36.35413744772278,0.9313645095243221,149675.6333892578,33.85895339317812
Sep-24 Forecast (8+4),2024-11-01,2025-09-01,11,Kayak_Desktop_Carousel,36.35413744772278,0.8048695017886345,3646.117529311776,29.260336495504173
Sep-24 Forecast (8+4),2024-11-01,2025-09-01,11,Kayak_Desktop_Compare,36.35413744772278,0.8125212501284456,2368.104625957502,29.53850920636505
Sep-24 Forecast (8+4),2024-11-01,2025-09-01,11,Kayak_Desktop_Core,36.35413744772278,0.7415281308553534,8775.94748498914,26.957615590468478
Sep-24 Forecast (8+4),2024-11-01,2025-09-01,11,Kayak_Desktop_Front_Door,36.35413744772278,0.9313645095243221,149675.6333892578,33.85895339317812
Sep-24 Forecast (8+4),2024-11-01,2025-09-01,11,Kayak_Mobile,36.35413744772278,1.0207002528745162,315201.2726268324,37.10667728592556
Sep-24 Forecast (8+4),2024-11-01,2025-09-01,11,Kayak_Mobile_Carousel,36.35413744772278,0.8994265323209981,2028.468172285145,32.69787578012624
Sep-24 Forecast (8+4),2024-11-01,2025-09-01,11,Kayak_Mobile_Core,36.35413744772278,0.8505236106090653,7269.643405332624,30.92005224261541
Sep-24 Forecast (8+4),2024-11-01,2025-09-01,11,Kayak_Mobile_Front_Door,36.35413744772278,1.0207002528745162,315201.2726268324,37.10667728592556
Sep-24 Forecast (8+4),2024-11-01,2025-09-01,11,Mediaalpha,36.35413744772278,0.9908490074529601,464876.90601443726,36.0214610068846
Sep-24 Forecast (8+4),2024-11-01,2025-09-01,11,Microsoft_Desktop,36.35413744772278,0.970266307169934,4088.411109200438,35.27319469175019
Sep-24 Forecast (8+4),2024-11-01,2025-09-01,11,Microsoft_Desktop_Brand,36.35413744772278,0.9053869744434249,5358.1325059597575,32.91456251229414
Sep-24 Forecast (8+4),2024-11-01,2025-09-01,11,Microsoft_Mobile,36.35413744772278,1.0207002528745162,315201.2726268324,37.10667728592556
Sep-24 Forecast (8+4),2024-11-01,2025-09-01,11,Microsoft_Mobile_Brand,36.35413744772278,0.9949057351504168,354991.60153720714,36.168939843185925
Sep-24 Forecast (8+4),2024-11-01,2025-09-01,11,Moloco,36.35413744772278,0.9949057351504168,354991.60153720714,36.168939843185925
Sep-24 Forecast (8+4),2024-11-01,2025-09-01,11,Other_Goals,36.35413744772278,0.9949057351504168,354991.60153720714,36.168939843185925
Sep-24 Forecast (8+4),2024-11-01,2025-09-01,11,Paid_Other,36.35413744772278,0.9949057351504168,354991.60153720714,36.168939843185925
Sep-24 Forecast (8+4),2024-11-01,2025-09-01,11,Pinterest,36.35413744772278,0.9949057351504168,354991.60153720714,36.168939843185925
Sep-24 Forecast (8+4),2024-11-01,2025-09-01,11,Reddit,36.35413744772278,0.9949057351504168,354991.60153720714,36.168939843185925
Sep-24 Forecast (8+4),2024-11-01,2025-09-01,11,Snapchat,36.35413744772278,1.0447804048097762,473910.5034258321,37.98209043914205
Sep-24 Forecast (8+4),2024-11-01,2025-09-01,11,Taboola,36.35413744772278,0.9949057351504168,354991.60153720714,36.168939843185925
Sep-24 Forecast (8+4),2024-11-01,2025-09-01,11,Tiktok,36.35413744772278,1.0447804048097762,473910.5034258321,37.98209043914205
Sep-24 Forecast (8+4),2024-11-01,2025-09-01,11,Twitch,36.35413744772278,0.9949057351504168,354991.60153720714,36.168939843185925
Sep-24 Forecast (8+4),2024-11-01,2025-09-01,11,Youtube_Brand,36.35413744772278,0.9949057351504168,354991.60153720714,36.168939843185925
Sep-24 Forecast (8+4),2024-11-01,2025-09-01,11,Youtube_Test,36.35413744772278,0.9949057351504168,354991.60153720714,36.168939843185925
Sep-24 Forecast (8+4),2024-11-01,2025-10-01,12,Apple,36.18494963502687,1.041662997418717,473910.5034258321,37.6925230982674
Sep-24 Forecast (8+4),2024-11-01,2025-10-01,12,Apple_Brand,36.18494963502687,0.9919371433986126,354991.60153720714,35.893195574991225
Sep-24 Forecast (8+4),2024-11-01,2025-10-01,12,Autorental_Desktop,36.18494963502687,0.9285855115718386,149675.6333892578,33.600819968042636
Sep-24 Forecast (8+4),2024-11-01,2025-10-01,12,Autorental_Mobile,36.18494963502687,1.0176546956476402,315201.2726268324,36.823783907858456
Sep-24 Forecast (8+4),2024-11-01,2025-10-01,12,Brand_Other,36.18494963502687,0.9919371433986126,354991.60153720714,35.893195574991225
Sep-24 Forecast (8+4),2024-11-01,2025-10-01,12,Capital_One,36.18494963502687,0.9878925201327181,464876.90601443726,35.74684108582217
Sep-24 Forecast (8+4),2024-11-01,2025-10-01,12,Delta,36.18494963502687,0.9878925201327181,464876.90601443726,35.74684108582217
Sep-24 Forecast (8+4),2024-11-01,2025-10-01,12,Expedia,36.18494963502687,0.9878925201327181,464876.90601443726,35.74684108582217
Sep-24 Forecast (8+4),2024-11-01,2025-10-01,12,Facebook/IG_App,36.18494963502687,1.041662997418717,473910.5034258321,37.6925230982674
Sep-24 Forecast (8+4),2024-11-01,2025-10-01,12,Facebook/IG_Web,36.18494963502687,0.9878925201327181,464876.90601443726,35.74684108582217
Sep-24 Forecast (8+4),2024-11-01,2025-10-01,12,Facebook_Retargeting_Test,36.18494963502687,0.9919371433986126,354991.60153720714,35.893195574991225
Sep-24 Forecast (8+4),2024-11-01,2025-10-01,12,Free_Google,36.18494963502687,1.0284121646937177,597475.2922083725,37.21304238349113
Sep-24 Forecast (8+4),2024-11-01,2025-10-01,12,Free_Microsoft,36.18494963502687,1.0284121646937177,597475.2922083725,37.21304238349113
Sep-24 Forecast (8+4),2024-11-01,2025-10-01,12,Free_Other,36.18494963502687,1.0284121646937177,597475.2922083725,37.21304238349113
Sep-24 Forecast (8+4),2024-11-01,2025-10-01,12,Google_Desktop,36.18494963502687,1.0182444495162606,25355.437010889338,36.845124121891544
Sep-24 Forecast (8+4),2024-11-01,2025-10-01,12,Google_Desktop_Brand,36.18494963502687,0.9157502466265454,32228.595541096776,33.13637655244498
Sep-24 Forecast (8+4),2024-11-01,2025-10-01,12,Google_Discovery,36.18494963502687,0.9285855115718386,149675.6333892578,33.600819968042636
Sep-24 Forecast (8+4),2024-11-01,2025-10-01,12,Google_Mobile,36.18494963502687,1.0072055380924112,78028.98744307092,36.44568166799404
Sep-24 Forecast (8+4),2024-11-01,2025-10-01,12,Google_Mobile_Brand,36.18494963502687,0.9502733093586981,51378.77481157707,34.3855918386548
Sep-24 Forecast (8+4),2024-11-01,2025-10-01,12,Google_Pmax,36.18494963502687,1.1682448371655705,20648.331870112128,42.27288059421633
Sep-24 Forecast (8+4),2024-11-01,2025-10-01,12,Google_UAC_Android,36.18494963502687,0.9547138639620396,6435.386548161657,34.546273083328295
Sep-24 Forecast (8+4),2024-11-01,2025-10-01,12,Google_UAC_iOS,36.18494963502687,1.041662997418717,473910.5034258321,37.6925230982674
Sep-24 Forecast (8+4),2024-11-01,2025-10-01,12,Hopper,36.18494963502687,1.0176546956476402,315201.2726268324,36.823783907858456
Sep-24 Forecast (8+4),2024-11-01,2025-10-01,12,Kayak_Afterclick,36.18494963502687,0.9919371433986126,354991.60153720714,35.893195574991225
Sep-24 Forecast (8+4),2024-11-01,2025-10-01,12,Kayak_Desktop,36.18494963502687,0.9285855115718386,149675.6333892578,33.600819968042636
Sep-24 Forecast (8+4),2024-11-01,2025-10-01,12,Kayak_Desktop_Carousel,36.18494963502687,0.8024679386255401,3646.117529311776,29.037261942889
Sep-24 Forecast (8+4),2024-11-01,2025-10-01,12,Kayak_Desktop_Compare,36.18494963502687,0.8100968557400342,2368.104625957502,29.313313924446764
Sep-24 Forecast (8+4),2024-11-01,2025-10-01,12,Kayak_Desktop_Core,36.18494963502687,0.7393155651667506,8775.94748498914,26.752096489950294
Sep-24 Forecast (8+4),2024-11-01,2025-10-01,12,Kayak_Desktop_Front_Door,36.18494963502687,0.9285855115718386,149675.6333892578,33.600819968042636
Sep-24 Forecast (8+4),2024-11-01,2025-10-01,12,Kayak_Mobile,36.18494963502687,1.0176546956476402,315201.2726268324,36.823783907858456
Sep-24 Forecast (8+4),2024-11-01,2025-10-01,12,Kayak_Mobile_Carousel,36.18494963502687,0.8967428306487001,2028.468172285145,32.44859416259464
Sep-24 Forecast (8+4),2024-11-01,2025-10-01,12,Kayak_Mobile_Core,36.18494963502687,0.8479858250822917,7269.643405332624,30.68432437181943
Sep-24 Forecast (8+4),2024-11-01,2025-10-01,12,Kayak_Mobile_Front_Door,36.18494963502687,1.0176546956476402,315201.2726268324,36.823783907858456
Sep-24 Forecast (8+4),2024-11-01,2025-10-01,12,Mediaalpha,36.18494963502687,0.9878925201327181,464876.90601443726,35.74684108582217
Sep-24 Forecast (8+4),2024-11-01,2025-10-01,12,Microsoft_Desktop,36.18494963502687,0.9673712343456902,4088.411109200438,35.004279393172574
Sep-24 Forecast (8+4),2024-11-01,2025-10-01,12,Microsoft_Desktop_Brand,36.18494963502687,0.9026854880517343,5358.1325059597575,32.663628921421655
Sep-24 Forecast (8+4),2024-11-01,2025-10-01,12,Microsoft_Mobile,36.18494963502687,1.0176546956476402,315201.2726268324,36.823783907858456
Sep-24 Forecast (8+4),2024-11-01,2025-10-01,12,Microsoft_Mobile_Brand,36.18494963502687,0.9919371433986126,354991.60153720714,35.893195574991225
Sep-24 Forecast (8+4),2024-11-01,2025-10-01,12,Moloco,36.18494963502687,0.9919371433986126,354991.60153720714,35.893195574991225
Sep-24 Forecast (8+4),2024-11-01,2025-10-01,12,Other_Goals,36.18494963502687,0.9919371433986126,354991.60153720714,35.893195574991225
Sep-24 Forecast (8+4),2024-11-01,2025-10-01,12,Paid_Other,36.18494963502687,0.9919371433986126,354991.60153720714,35.893195574991225
Sep-24 Forecast (8+4),2024-11-01,2025-10-01,12,Pinterest,36.18494963502687,0.9919371433986126,354991.60153720714,35.893195574991225
Sep-24 Forecast (8+4),2024-11-01,2025-10-01,12,Reddit,36.18494963502687,0.9919371433986126,354991.60153720714,35.893195574991225
Sep-24 Forecast (8+4),2024-11-01,2025-10-01,12,Snapchat,36.18494963502687,1.041662997418717,473910.5034258321,37.6925230982674
Sep-24 Forecast (8+4),2024-11-01,2025-10-01,12,Taboola,36.18494963502687,0.9919371433986126,354991.60153720714,35.893195574991225
Sep-24 Forecast (8+4),2024-11-01,2025-10-01,12,Tiktok,36.18494963502687,1.041662997418717,473910.5034258321,37.6925230982674
Sep-24 Forecast (8+4),2024-11-01,2025-10-01,12,Twitch,36.18494963502687,0.9919371433986126,354991.60153720714,35.893195574991225
Sep-24 Forecast (8+4),2024-11-01,2025-10-01,12,Youtube_Brand,36.18494963502687,0.9919371433986126,354991.60153720714,35.893195574991225
Sep-24 Forecast (8+4),2024-11-01,2025-10-01,12,Youtube_Test,36.18494963502687,0.9919371433986126,354991.60153720714,35.893195574991225
Sep-24 Forecast (8+4),2024-11-01,2025-11-01,13,,36.52403377072966,,,
Sep-24 Forecast (8+4),2024-11-01,2025-12-01,14,,37.33599807803116,,,
Sep-24 Forecast (8+4),2024-11-01,2026-01-01,15,,35.71858569208168,,,
Sep-24 Forecast (8+4),2024-11-01,2026-02-01,16,,35.90382121729316,,,
